{
  "files": [
    {
      "filepath": "/Users/kochnev/Projects/Ferment/villus-cachebay/packages/benchmarks/bench/suites/nested-query.dom.bench.ts",
      "groups": [
        {
          "fullName": "bench/suites/nested-query.dom.bench.ts > DOM Nested query (happy-dom): interfaces, custom keys, nested pagination > network-only",
          "benchmarks": [
            {
              "id": "1707452198_0_0_0",
              "name": "cachebay(vue, network-only)",
              "rank": 1,
              "rme": 8.06495588461551,
              "samples": [],
              "totalTime": 4256.4000000059605,
              "min": 396.19999998807907,
              "max": 549.8000000119209,
              "hz": 2.34940325157081,
              "period": 425.64000000059605,
              "mean": 425.64000000059605,
              "variance": 2303.051555822134,
              "sd": 47.99011935619804,
              "sem": 15.17580823489192,
              "df": 9,
              "critical": 2.262,
              "moe": 34.32767822732552,
              "p75": 413.80000001192093,
              "p99": 549.8000000119209,
              "p995": 549.8000000119209,
              "p999": 549.8000000119209,
              "sampleCount": 10,
              "median": 407.15000000596046
            },
            {
              "id": "1707452198_0_0_1",
              "name": "apollo(vue, network-only)",
              "rank": 4,
              "rme": 4.5894176170098655,
              "samples": [],
              "totalTime": 10893.700000017881,
              "min": 1057.300000011921,
              "max": 1286.9000000059605,
              "hz": 0.9179617577116669,
              "period": 1089.3700000017882,
              "mean": 1089.3700000017882,
              "variance": 4885.182333593991,
              "sd": 69.89407938870066,
              "sem": 22.102448582892325,
              "df": 9,
              "critical": 2.262,
              "moe": 49.99573869450244,
              "p75": 1075.2999999821186,
              "p99": 1286.9000000059605,
              "p995": 1286.9000000059605,
              "p999": 1286.9000000059605,
              "sampleCount": 10,
              "median": 1067.1000000089407
            },
            {
              "id": "1707452198_0_0_2",
              "name": "urql(vue, network-only)",
              "rank": 3,
              "rme": 6.371581228823367,
              "samples": [],
              "totalTime": 9553.600000023842,
              "min": 900.3000000119209,
              "max": 1192.9000000059605,
              "hz": 1.0467258415649645,
              "period": 955.3600000023841,
              "mean": 955.3600000023841,
              "variance": 7241.747111137416,
              "sd": 85.09845539807063,
              "sem": 26.910494442015395,
              "df": 9,
              "critical": 2.262,
              "moe": 60.87153842783882,
              "p75": 948.5999999940395,
              "p99": 1192.9000000059605,
              "p995": 1192.9000000059605,
              "p999": 1192.9000000059605,
              "sampleCount": 10,
              "median": 934.7999999970198
            },
            {
              "id": "1707452198_0_0_3",
              "name": "relay(react, network-only)",
              "rank": 2,
              "rme": 8.640514198443602,
              "samples": [],
              "totalTime": 6096.499999970198,
              "min": 557.6999999880791,
              "max": 807.7999999821186,
              "hz": 1.6402854096692994,
              "period": 609.6499999970198,
              "mean": 609.6499999970198,
              "variance": 5423.19388818562,
              "sd": 73.64233760674372,
              "sem": 23.287751905638338,
              "df": 9,
              "critical": 2.262,
              "moe": 52.67689481055392,
              "p75": 597.9000000059605,
              "p99": 807.7999999821186,
              "p995": 807.7999999821186,
              "p999": 807.7999999821186,
              "sampleCount": 10,
              "median": 583.8499999940395
            }
          ]
        },
        {
          "fullName": "bench/suites/nested-query.dom.bench.ts > DOM Nested query (happy-dom): interfaces, custom keys, nested pagination > cache-first",
          "benchmarks": [
            {
              "id": "1707452198_0_1_0",
              "name": "cachebay(vue, cache-first)",
              "rank": 1,
              "rme": 2.1851193240155933,
              "samples": [],
              "totalTime": 4102.800000011921,
              "min": 394.7999999821186,
              "max": 427.7000000178814,
              "hz": 2.437359851801439,
              "period": 410.2800000011921,
              "mean": 410.2800000011921,
              "variance": 157.08177783902488,
              "sd": 12.533226952346507,
              "sem": 3.963354360122558,
              "df": 9,
              "critical": 2.262,
              "moe": 8.965107562597225,
              "p75": 423.2000000178814,
              "p99": 427.7000000178814,
              "p995": 427.7000000178814,
              "p999": 427.7000000178814,
              "sampleCount": 10,
              "median": 409.49999998509884
            },
            {
              "id": "1707452198_0_1_1",
              "name": "apollo(vue, cache-first)",
              "rank": 4,
              "rme": 5.450926745067599,
              "samples": [],
              "totalTime": 10960.40000000596,
              "min": 1054.9000000059605,
              "max": 1323.5999999940395,
              "hz": 0.9123754607491115,
              "period": 1096.0400000005961,
              "mean": 1096.0400000005961,
              "variance": 6976.02933273485,
              "sd": 83.52262766900267,
              "sem": 26.412173959624848,
              "df": 9,
              "critical": 2.262,
              "moe": 59.744337496671406,
              "p75": 1071.2000000178814,
              "p99": 1323.5999999940395,
              "p995": 1323.5999999940395,
              "p999": 1323.5999999940395,
              "sampleCount": 10,
              "median": 1064.5499999970198
            },
            {
              "id": "1707452198_0_1_2",
              "name": "urql(vue, cache-first)",
              "rank": 3,
              "rme": 1.4591507393885739,
              "samples": [],
              "totalTime": 9408.59999999404,
              "min": 913.4000000059605,
              "max": 972.5,
              "hz": 1.0628573857966472,
              "period": 940.859999999404,
              "mean": 940.859999999404,
              "variance": 368.35377781428235,
              "sd": 19.192544849870284,
              "sem": 6.069215582052448,
              "df": 9,
              "critical": 2.262,
              "moe": 13.728565646602638,
              "p75": 955.1999999880791,
              "p99": 972.5,
              "p995": 972.5,
              "p999": 972.5,
              "sampleCount": 10,
              "median": 938.3000000119209
            },
            {
              "id": "1707452198_0_1_3",
              "name": "relay(react, cache-first)",
              "rank": 2,
              "rme": 9.854247065558425,
              "samples": [],
              "totalTime": 6123.400000035763,
              "min": 550.0999999940395,
              "max": 844.3000000119209,
              "hz": 1.6330796616163563,
              "period": 612.3400000035763,
              "mean": 612.3400000035763,
              "variance": 7116.180444912884,
              "sd": 84.3574563682007,
              "sem": 26.676169974178986,
              "df": 9,
              "critical": 2.262,
              "moe": 60.34149648159287,
              "p75": 611.7999999821186,
              "p99": 844.3000000119209,
              "p995": 844.3000000119209,
              "p999": 844.3000000119209,
              "sampleCount": 10,