{
  "files": [
    {
      "filepath": "/Users/kochnev/Projects/Ferment/villus-cachebay/packages/benchmarks/bench/dom/infinite-feed.dom.bench.ts",
      "groups": [
        {
          "fullName": "bench/dom/infinite-feed.dom.bench.ts > DOM Nested query (happy-dom): interfaces, custom keys, nested pagination > network-only",
          "benchmarks": [
            {
              "id": "-635493566_0_0_0",
              "name": "cachebay(vue, network-only)",
              "rank": 1,
              "rme": 6.290879607656051,
              "samples": [],
              "totalTime": 94.79999995231628,
              "min": 7.900000035762787,
              "max": 10.599999964237213,
              "hz": 105.48523212056887,
              "period": 9.479999995231628,
              "mean": 9.479999995231628,
              "variance": 0.6951110955344315,
              "sd": 0.8337332280378608,
              "sem": 0.2636495961564196,
              "df": 9,
              "critical": 2.262,
              "moe": 0.5963753865058211,
              "p75": 10,
              "p99": 10.599999964237213,
              "p995": 10.599999964237213,
              "p999": 10.599999964237213,
              "sampleCount": 10,
              "median": 9.699999958276749
            },
            {
              "id": "-635493566_0_0_1",
              "name": "apollo(vue, network-only)",
              "rank": 4,
              "rme": 2.80446219671667,
              "samples": [],
              "totalTime": 437.80000001192093,
              "min": 42,
              "max": 47.39999997615814,
              "hz": 22.841480127290335,
              "period": 43.78000000119209,
              "mean": 43.78000000119209,
              "variance": 2.9462221737967598,
              "sd": 1.7164562836835549,
              "sem": 0.5427911360548143,
              "df": 9,
              "critical": 2.262,
              "moe": 1.22779354975599,
              "p75": 45.299999952316284,
              "p99": 47.39999997615814,
              "p995": 47.39999997615814,
              "p999": 47.39999997615814,
              "sampleCount": 10,
              "median": 43.05000001192093
            },
            {
              "id": "-635493566_0_0_2",
              "name": "urql(vue, network-only)",
              "rank": 2,
              "rme": 9.299210468564874,
              "samples": [],
              "totalTime": 95.90000003576279,
              "min": 8.5,
              "max": 12.100000023841858,
              "hz": 104.2752867181525,
              "period": 9.590000003576279,
              "mean": 9.590000003576279,
              "variance": 1.554333358844122,
              "sd": 1.2467290639285353,
              "sem": 0.39425034671438425,
              "df": 9,
              "critical": 2.262,
              "moe": 0.8917942842679372,
              "p75": 10.400000035762787,
              "p99": 12.100000023841858,
              "p995": 12.100000023841858,
              "p999": 12.100000023841858,
              "sampleCount": 10,
              "median": 9.149999976158142
            },
            {
              "id": "-635493566_0_0_3",
              "name": "relay(react, network-only)",
              "rank": 3,
              "rme": 19.095933331038406,
              "samples": [],
              "totalTime": 163.20000004768372,
              "min": 11.699999988079071,
              "max": 22.900000035762787,
              "hz": 61.274509786018406,
              "period": 16.32000000476837,
              "mean": 16.32000000476837,
              "variance": 18.98177789545059,
              "sd": 4.3568082233959515,
              "sem": 1.3777437314482903,
              "df": 9,
              "critical": 2.262,
              "moe": 3.1164563205360327,
              "p75": 20.700000047683716,
              "p99": 22.900000035762787,
              "p995": 22.900000035762787,
              "p999": 22.900000035762787,
              "sampleCount": 10,
              "median": 14.099999994039536
            }
          ]
        },
        {
          "fullName": "bench/dom/infinite-feed.dom.bench.ts > DOM Nested query (happy-dom): interfaces, custom keys, nested pagination > cache-first",
          "benchmarks": [
            {
              "id": "-635493566_0_1_0",
              "name": "cachebay(vue, cache-first)",
              "rank": 1,
              "rme": 6.7978489736680485,
              "samples": [],
              "totalTime": 84.10000002384186,
              "min": 7.5,
              "max": 9.800000011920929,
              "hz": 118.9060641755655,
              "period": 8.410000002384185,
              "mean": 8.410000002384185,
              "variance": 0.6387777997122878,
              "sd": 0.7992357597807344,
              "sem": 0.25274053883623177,
              "df": 9,
              "critical": 2.262,
              "moe": 0.5716990988475562,
              "p75": 9.100000023841858,
              "p99": 9.800000011920929,
              "p995": 9.800000011920929,
              "p999": 9.800000011920929,
              "sampleCount": 10,
              "median": 8.049999982118607
            },
            {
              "id": "-635493566_0_1_1",
              "name": "apollo(vue, cache-first)",
              "rank": 4,
              "rme": 2.010665350747804,
              "samples": [],
              "totalTime": 437,
              "min": 42,
              "max": 45.80000001192093,
              "hz": 22.88329519450801,
              "period": 43.7,
              "mean": 43.7,
              "variance": 1.5088888891537984,
              "sd": 1.228368384953715,
              "sem": 0.38844419021962445,
              "df": 9,
              "critical": 2.262,
              "moe": 0.8786607582767905,
              "p75": 44.19999998807907,
              "p99": 45.80000001192093,
              "p995": 45.80000001192093,
              "p999": 45.80000001192093,
              "sampleCount": 10,
              "median": 43.650000005960464
            },
            {
              "id": "-635493566_0_1_2",
              "name": "urql(vue, cache-first)",
              "rank": 2,
              "rme": 7.624460338572006,
              "samples": [],
              "totalTime": 93.29999995231628,
              "min": 8.299999952316284,
              "max": 11.100000023841858,
              "hz": 107.18113617482096,
              "period": 9.329999995231628,
              "mean": 9.329999995231628,
              "variance": 0.9890000307824889,
              "sd": 0.9944848067127465,
              "sem": 0.3144837087644587,
              "df": 9,
              "critical": 2.262,
              "moe": 0.7113621492252056,
              "p75": 10.300000011920929,
              "p99": 11.100000023841858,
              "p995": 11.100000023841858,
              "p999": 11.100000023841858,
              "sampleCount": 10,
              "median": 9.099999994039536
            },
            {
              "id": "-635493566_0_1_3",
              "name": "relay(react, cache-first)",
              "rank": 3,
              "rme": 16.84048896154669,
              "samples": [],
              "totalTime": 164.30000001192093,
              "min": 12.399999976158142,
              "max": 23.099999964237213,
              "hz": 60.86427266752552,
              "period": 16.43000000119209,
              "mean": 16.43000000119209,
              "variance": 14.962333127419154,
              "sd": 3.8681175172710502,
              "sem": 1.2232061611772216,
              "df": 9,
              "critical": 2.262,
              "moe": 2.7668923365828753,
              "p75": 19.599999964237213,
              "p99": 23.099999964237213,
              "p995": 23.099999964237213,
              "p999": 23.099999964237213,
              "sampleCount": 10,