{
  "files": [
    {
      "filepath": "/Users/kochnev/Projects/Ferment/villus-cachebay/packages/benchmarks/bench/suites/nested-query.dom.bench.ts",
      "groups": [
        {
          "fullName": "bench/suites/nested-query.dom.bench.ts > DOM Nested query (happy-dom): interfaces, custom keys, nested pagination > network-only",
          "benchmarks": [
            {
              "id": "1707452198_0_0_0",
              "name": "cachebay(vue, network-only)",
              "rank": 1,
              "rme": 6.036914029839306,
              "samples": [],
              "totalTime": 99.2999999821186,
              "min": 9,
              "max": 11.5,
              "hz": 100.70493455992694,
              "period": 9.92999999821186,
              "mean": 9.92999999821186,
              "variance": 0.7023333288166259,
              "sd": 0.8380532971217439,
              "sem": 0.26501572195185435,
              "df": 9,
              "critical": 2.262,
              "moe": 0.5994655630550946,
              "p75": 10.200000017881393,
              "p99": 11.5,
              "p995": 11.5,
              "p999": 11.5,
              "sampleCount": 10,
              "median": 10.099999994039536
            },
            {
              "id": "1707452198_0_0_1",
              "name": "apollo(vue, network-only)",
              "rank": 4,
              "rme": 2.210641627199116,
              "samples": [],
              "totalTime": 450.69999998807907,
              "min": 43.30000001192093,
              "max": 47,
              "hz": 22.18770801034945,
              "period": 45.06999999880791,
              "mean": 45.06999999880791,
              "variance": 1.9401111085149978,
              "sd": 1.3928787127797588,
              "sem": 0.44046692367475193,
              "df": 9,
              "critical": 2.262,
              "moe": 0.9963361813522889,
              "p75": 46.599999994039536,
              "p99": 47,
              "p995": 47,
              "p999": 47,
              "sampleCount": 10,
              "median": 44.900000005960464
            },
            {
              "id": "1707452198_0_0_2",
              "name": "urql(vue, network-only)",
              "rank": 2,
              "rme": 6.836135765046114,
              "samples": [],
              "totalTime": 102.09999999403954,
              "min": 9.199999988079071,
              "max": 11.900000005960464,
              "hz": 97.94319295380791,
              "period": 10.209999999403953,
              "mean": 10.209999999403953,
              "variance": 0.9521111284759312,
              "sd": 0.9757618195420085,
              "sem": 0.30856298035829427,
              "df": 9,
              "critical": 2.262,
              "moe": 0.6979694615704617,
              "p75": 10.700000017881393,
              "p99": 11.900000005960464,
              "p995": 11.900000005960464,
              "p999": 11.900000005960464,
              "sampleCount": 10,
              "median": 9.75
            },
            {
              "id": "1707452198_0_0_3",
              "name": "relay(react, network-only)",
              "rank": 3,
              "rme": 14.95283645889044,
              "samples": [],
              "totalTime": 159.19999998807907,
              "min": 12.699999988079071,
              "max": 22.80000001192093,
              "hz": 62.81407035646233,
              "period": 15.919999998807906,
              "mean": 15.919999998807906,
              "variance": 11.075111120965746,
              "sd": 3.3279289537136676,
              "sem": 1.052383538495626,
              "df": 9,
              "critical": 2.262,
              "moe": 2.380491564077106,
              "p75": 16.5,
              "p99": 22.80000001192093,
              "p995": 22.80000001192093,
              "p999": 22.80000001192093,
              "sampleCount": 10,
              "median": 15.049999997019768
            }
          ]
        },
        {
          "fullName": "bench/suites/nested-query.dom.bench.ts > DOM Nested query (happy-dom): interfaces, custom keys, nested pagination > cache-first",
          "benchmarks": [
            {
              "id": "1707452198_0_1_0",
              "name": "cachebay(vue, cache-first)",
              "rank": 1,
              "rme": 6.77135886393887,
              "samples": [],
              "totalTime": 92.19999998807907,
              "min": 8,
              "max": 10.600000023841858,
              "hz": 108.45986986217942,
              "period": 9.219999998807907,
              "mean": 9.219999998807907,
              "variance": 0.7617777831289505,
              "sd": 0.8727988216816923,
              "sem": 0.27600322156253004,
              "df": 9,
              "critical": 2.262,
              "moe": 0.624319287174443,
              "p75": 9.799999982118607,
              "p99": 10.600000023841858,
              "p995": 10.600000023841858,
              "p999": 10.600000023841858,
              "sampleCount": 10,
              "median": 9
            },
            {
              "id": "1707452198_0_1_1",
              "name": "apollo(vue, cache-first)",
              "rank": 4,
              "rme": 2.005697759321074,
              "samples": [],
              "totalTime": 445.90000000596046,
              "min": 42.5,
              "max": 46.80000001192093,
              "hz": 22.426553038498152,
              "period": 44.59000000059605,
              "mean": 44.59000000059605,
              "variance": 1.5632222293880254,
              "sd": 1.2502888583795448,
              "sem": 0.3953760525611061,
              "df": 9,
              "critical": 2.262,
              "moe": 0.8943406308932219,
              "p75": 44.900000005960464,
              "p99": 46.80000001192093,
              "p995": 46.80000001192093,
              "p999": 46.80000001192093,
              "sampleCount": 10,
              "median": 44.54999999701977
            },
            {
              "id": "1707452198_0_1_2",
              "name": "urql(vue, cache-first)",
              "rank": 2,
              "rme": 7.151040482637712,
              "samples": [],
              "totalTime": 99.69999998807907,
              "min": 8.799999982118607,
              "max": 11.5,
              "hz": 100.30090272011715,
              "period": 9.969999998807907,
              "mean": 9.969999998807907,
              "variance": 0.993444451649984,
              "sd": 0.9967168362428639,
              "sem": 0.3151895384764513,
              "df": 9,
              "critical": 2.262,
              "moe": 0.7129587360337328,
              "p75": 11.100000023841858,
              "p99": 11.5,
              "p995": 11.5,
              "p999": 11.5,
              "sampleCount": 10,
              "median": 9.549999997019768
            },
            {
              "id": "1707452198_0_1_3",
              "name": "relay(react, cache-first)",
              "rank": 3,
              "rme": 20.465550174912845,
              "samples": [],
              "totalTime": 168.39999997615814,
              "min": 12.400000005960464,
              "max": 23.69999998807907,
              "hz": 59.38242281125765,
              "period": 16.839999997615813,
              "mean": 16.839999997615813,
              "variance": 23.213777717590332,
              "sd": 4.818067840700287,
              "sem": 1.5236068297822218,
              "df": 9,
              "critical": 2.262,
              "moe": 3.446398648967386,
              "p75": 22.19999998807907,
              "p99": 23.69999998807907,
              "p995": 23.69999998807907,
              "p999": 23.69999998807907,
              "sampleCount": 10,
              "median": 14.349999994039536
            }
          ]
        },
        {
          "fullName": "bench/suites/nested-query.dom.bench.ts > DOM Nested query (happy-dom): interfaces, custom keys, nested pagination > cache-and-network",