{
  "files": [
    {
      "filepath": "/Users/kochnev/Projects/Ferment/villus-cachebay/packages/benchmarks/bench/suites/nested-query.dom.bench.ts",
      "groups": [
        {
          "fullName": "bench/suites/nested-query.dom.bench.ts > DOM Nested query (happy-dom): interfaces, custom keys, nested pagination > network-only",
          "benchmarks": [
            {
              "id": "1707452198_0_0_0",
              "name": "cachebay(vue, network-only)",
              "rank": 1,
              "rme": 6.115008670239222,
              "samples": [],
              "totalTime": 96.5,
              "min": 8.400000005960464,
              "max": 10.799999982118607,
              "hz": 103.62694300518135,
              "period": 9.65,
              "mean": 9.65,
              "variance": 0.6805555495950912,
              "sd": 0.8249579077717185,
              "sem": 0.26087459623257514,
              "df": 9,
              "critical": 2.262,
              "moe": 0.590098336678085,
              "p75": 10.5,
              "p99": 10.799999982118607,
              "p995": 10.799999982118607,
              "p999": 10.799999982118607,
              "sampleCount": 10,
              "median": 9.600000008940697
            },
            {
              "id": "1707452198_0_0_1",
              "name": "apollo(vue, network-only)",
              "rank": 4,
              "rme": 2.2906437491981104,
              "samples": [],
              "totalTime": 450.80000001192093,
              "min": 43.79999998211861,
              "max": 47.599999994039536,
              "hz": 22.182786157354837,
              "period": 45.08000000119209,
              "mean": 45.08000000119209,
              "variance": 2.0840000054836274,
              "sd": 1.4436065965087674,
              "sem": 0.4565084890211383,
              "df": 9,
              "critical": 2.262,
              "moe": 1.0326222021658147,
              "p75": 46.80000001192093,
              "p99": 47.599999994039536,
              "p995": 47.599999994039536,
              "p999": 47.599999994039536,
              "sampleCount": 10,
              "median": 44.3500000089407
            },
            {
              "id": "1707452198_0_0_2",
              "name": "urql(vue, network-only)",
              "rank": 2,
              "rme": 5.87801934196285,
              "samples": [],
              "totalTime": 104.40000000596046,
              "min": 9.400000005960464,
              "max": 11.900000005960464,
              "hz": 95.78544060755817,
              "period": 10.440000000596047,
              "mean": 10.440000000596047,
              "variance": 0.7360000059074827,
              "sd": 0.8579044270240612,
              "sem": 0.27129320041377425,
              "df": 9,
              "critical": 2.262,
              "moe": 0.6136652193359573,
              "p75": 11.099999994039536,
              "p99": 11.900000005960464,
              "p995": 11.900000005960464,
              "p999": 11.900000005960464,
              "sampleCount": 10,
              "median": 10.450000002980232
            },
            {
              "id": "1707452198_0_0_3",
              "name": "relay(react, network-only)",
              "rank": 3,
              "rme": 14.358287145925441,
              "samples": [],
              "totalTime": 165.5,
              "min": 12.5,
              "max": 21.900000005960464,
              "hz": 60.42296072507553,
              "period": 16.55,
              "mean": 16.55,
              "variance": 11.036111098527906,
              "sd": 3.3220642827205955,
              "sem": 1.050528966689063,
              "df": 9,
              "critical": 2.262,
              "moe": 2.3762965226506605,
              "p75": 20.599999994039536,
              "p99": 21.900000005960464,
              "p995": 21.900000005960464,
              "p999": 21.900000005960464,
              "sampleCount": 10,
              "median": 15.450000002980232
            }
          ]
        },
        {
          "fullName": "bench/suites/nested-query.dom.bench.ts > DOM Nested query (happy-dom): interfaces, custom keys, nested pagination > cache-first",
          "benchmarks": [
            {
              "id": "1707452198_0_1_0",
              "name": "cachebay(vue, cache-first)",
              "rank": 1,
              "rme": 7.086553591995659,
              "samples": [],
              "totalTime": 93.00000002980232,
              "min": 8,
              "max": 11.099999994039536,
              "hz": 107.52688168597258,
              "period": 9.300000002980232,
              "mean": 9.300000002980232,
              "variance": 0.8488888863722482,
              "sd": 0.9213516627066173,
              "sem": 0.2913569780136127,
              "df": 9,
              "critical": 2.262,
              "moe": 0.659049484266792,
              "p75": 9.700000017881393,
              "p99": 11.099999994039536,
              "p995": 11.099999994039536,
              "p999": 11.099999994039536,
              "sampleCount": 10,
              "median": 9.149999991059303
            },
            {
              "id": "1707452198_0_1_1",
              "name": "apollo(vue, cache-first)",
              "rank": 4,
              "rme": 2.139420557163225,
              "samples": [],
              "totalTime": 443,
              "min": 42.60000002384186,
              "max": 46.29999998211861,
              "hz": 22.573363431151243,
              "period": 44.3,
              "mean": 44.3,
              "variance": 1.7555555668142109,
              "sd": 1.3249737985387526,
              "sem": 0.4189935043427536,
              "df": 9,
              "critical": 2.262,
              "moe": 0.9477633068233087,
              "p75": 45.60000002384186,
              "p99": 46.29999998211861,
              "p995": 46.29999998211861,
              "p999": 46.29999998211861,
              "sampleCount": 10,
              "median": 43.849999979138374
            },
            {
              "id": "1707452198_0_1_2",
              "name": "urql(vue, cache-first)",
              "rank": 2,
              "rme": 6.039140930352149,
              "samples": [],
              "totalTime": 97.80000001192093,
              "min": 8.900000005960464,
              "max": 11,
              "hz": 102.24948874009296,
              "period": 9.780000001192093,
              "mean": 9.780000001192093,
              "variance": 0.6817777714729311,
              "sd": 0.8256983538029679,
              "sem": 0.26110874582689314,
              "df": 9,
              "critical": 2.262,
              "moe": 0.5906279830604323,
              "p75": 10.699999988079071,
              "p99": 11,
              "p995": 11,
              "p999": 11,
              "sampleCount": 10,
              "median": 9.5
            },
            {
              "id": "1707452198_0_1_3",
              "name": "relay(react, cache-first)",
              "rank": 3,
              "rme": 18.062459197966945,
              "samples": [],
              "totalTime": 166.19999998807907,
              "min": 12.199999988079071,
              "max": 22.69999998807907,
              "hz": 60.16847172513396,
              "period": 16.619999998807906,
              "mean": 16.619999998807906,
              "variance": 17.612888905631173,
              "sd": 4.196771247713077,
              "sem": 1.3271355961480038,
              "df": 9,
              "critical": 2.262,
              "moe": 3.001980718486785,
              "p75": 20.30000001192093,
              "p99": 22.69999998807907,
              "p995": 22.69999998807907,
              "p999": 22.69999998807907,
              "sampleCount": 10,
              "median": 15.300000011920929
            }
          ]
        },
        {
          "fullName": "bench/suites/nested-query.dom.bench.ts > DOM Nested query (happy-dom): interfaces, custom keys, nested pagination > cache-and-network",