{
  "files": [
    {
      "filepath": "/Users/kochnev/Projects/Ferment/villus-cachebay/packages/benchmarks/bench/dom/user-profile.dom.bench.ts",
      "groups": [
        {
          "fullName": "bench/dom/user-profile.dom.bench.ts > DOM User Profile (happy-dom): single entity with nested data > network-only",
          "benchmarks": [
            {
              "id": "-725584262_0_0_0",
              "name": "Cachebay (vue, network-only)",
              "rank": 1,
              "rme": 2.000830778709938,
              "samples": [],
              "totalTime": 3021.5999997854233,
              "min": 1.0999999642372131,
              "max": 7.599999964237213,
              "hz": 661.9009796604543,
              "period": 1.5107999998927117,
              "mean": 1.5107999998927117,
              "variance": 0.4757212202727078,
              "sd": 0.6897254673221135,
              "sem": 0.015422730307450555,
              "df": 1999,
              "critical": 1.96,
              "moe": 0.03022855140260309,
              "p75": 1.399999976158142,
              "p99": 4.199999988079071,
              "p995": 4.699999988079071,
              "p999": 5.200000047683716,
              "sampleCount": 2000,
              "median": 1.300000011920929
            },
            {
              "id": "-725584262_0_0_1",
              "name": "Apollo (vue, network-only)",
              "rank": 4,
              "rme": 1.5502462773021897,
              "samples": [],
              "totalTime": 4523.500000119209,
              "min": 1.7999999523162842,
              "max": 8.800000011920929,
              "hz": 442.13551452355335,
              "period": 2.2617500000596045,
              "mean": 2.2617500000596045,
              "variance": 0.6400419581069142,
              "sd": 0.8000262233870301,
              "sem": 0.017889130192758312,
              "df": 1999,
              "critical": 1.96,
              "moe": 0.03506269517780629,
              "p75": 2.100000023841858,
              "p99": 5.199999988079071,
              "p995": 5.800000011920929,
              "p999": 8.200000047683716,
              "sampleCount": 2000,
              "median": 2
            },
            {
              "id": "-725584262_0_0_2",
              "name": "Urql (vue, network-only)",
              "rank": 2,
              "rme": 2.069120115444446,
              "samples": [],
              "totalTime": 3048.399999976158,
              "min": 1.0999999642372131,
              "max": 5.199999988079071,
              "hz": 656.0818790236328,
              "period": 1.524199999988079,
              "mean": 1.524199999988079,
              "variance": 0.5178132667483911,
              "sd": 0.7195924309971521,
              "sem": 0.016090575918039588,
              "df": 1999,
              "critical": 1.96,
              "moe": 0.03153752879935759,
              "p75": 1.399999976158142,
              "p99": 4.399999976158142,
              "p995": 4.5,
              "p999": 4.900000035762787,
              "sampleCount": 2000,
              "median": 1.300000011920929
            },
            {
              "id": "-725584262_0_0_3",
              "name": "Relay (react, network-only)",
              "rank": 3,
              "rme": 2.0771993832547357,
              "samples": [],
              "totalTime": 3055.9000000953674,
              "min": 1.0999999642372131,
              "max": 5.399999976158142,
              "hz": 654.4716777177214,
              "period": 1.5279500000476838,
              "mean": 1.5279500000476838,
              "variance": 0.5244360148157137,
              "sd": 0.7241795459799412,
              "sem": 0.01619314692726083,
              "df": 1999,
              "critical": 1.96,
              "moe": 0.03173856797743122,
              "p75": 1.399999976158142,
              "p99": 4.699999988079071,
              "p995": 4.899999976158142,
              "p999": 5.199999988079071,
              "sampleCount": 2000,
              "median": 1.300000011920929
            }
          ]
        },
        {
          "fullName": "bench/dom/user-profile.dom.bench.ts > DOM User Profile (happy-dom): single entity with nested data > cache-first",
          "benchmarks": [
            {
              "id": "-725584262_0_1_0",
              "name": "Cachebay (vue, cache-first)",
              "rank": 2,
              "rme": 1.9646480334214078,
              "samples": [],
              "totalTime": 3019.899999976158,
              "min": 1.199999988079071,
              "max": 5,
              "hz": 662.2735852232822,
              "period": 1.509949999988079,
              "mean": 1.509949999988079,
              "variance": 0.45815507490059615,
              "sd": 0.676871535005422,
              "sem": 0.01513530764306752,
              "df": 1999,
              "critical": 1.96,
              "moe": 0.02966520298041234,
              "p75": 1.399999976158142,
              "p99": 4.300000011920929,
              "p995": 4.599999964237213,
              "p999": 4.799999952316284,
              "sampleCount": 2000,
              "median": 1.300000011920929
            },
            {
              "id": "-725584262_0_1_1",
              "name": "Apollo (vue, cache-first)",
              "rank": 4,
              "rme": 1.4833530638616017,
              "samples": [],
              "totalTime": 4336.300000011921,
              "min": 1.7999999523162842,
              "max": 6.100000023841858,
              "hz": 461.22270138009407,
              "period": 2.1681500000059604,
              "mean": 2.1681500000059604,
              "variance": 0.5384998276943687,
              "sd": 0.7338254749559794,
              "sem": 0.016408836456226393,
              "df": 1999,
              "critical": 1.96,
              "moe": 0.03216131945420373,
              "p75": 2,
              "p99": 5.099999964237213,
              "p995": 5.800000011920929,
              "p999": 6,
              "sampleCount": 2000,
              "median": 1.9000000357627869
            },
            {
              "id": "-725584262_0_1_2",
              "name": "Urql (vue, cache-first)",
              "rank": 1,
              "rme": 3.1089559459880376,
              "samples": [],
              "totalTime": 2978.399999976158,
              "min": 1.0999999642372131,
              "max": 38.200000047683716,
              "hz": 671.5014773086253,
              "period": 1.4891999999880792,
              "mean": 1.4891999999880792,
              "variance": 1.1159713475415263,
              "sd": 1.0563954503601036,
              "sem": 0.02362172038126696,
              "df": 1999,
              "critical": 1.96,
              "moe": 0.04629857194728324,
              "p75": 1.300000011920929,
              "p99": 4.100000023841858,
              "p995": 4.400000035762787,
              "p999": 4.600000023841858,
              "sampleCount": 2000,
              "median": 1.300000011920929
            },
            {
              "id": "-725584262_0_1_3",
              "name": "Relay (react, cache-first)",
              "rank": 3,
              "rme": 2.0548496216895855,
              "samples": [],
              "totalTime": 3078.2999999523163,
              "min": 1.199999988079071,
              "max": 9.099999964237213,
              "hz": 649.7092551184031,
              "period": 1.5391499999761582,
              "mean": 1.5391499999761582,
              "variance": 0.5207626589791768,
              "sd": 0.7216388701969821,
              "sem": 0.01613633568966599,
              "df": 1999,
              "critical": 1.96,
              "moe": 0.03162721795174534,
              "p75": 1.399999976158142,
              "p99": 4.399999976158142,
              "p995": 4.600000023841858,
              "p999": 5,
              "sampleCount": 2000,