{
  "files": [
    {
      "filepath": "/Users/kochnev/Projects/Ferment/villus-cachebay/packages/benchmarks/perf/materialize.bench.ts",
      "groups": [
        {
          "fullName": "perf/materialize.bench.ts > materialize – Cachebay vs Apollo(readQuery)",
          "benchmarks": [
            {
              "id": "-1332940700_0_0",
              "name": "cachebay.materialize:canonical:cold(100 users (10 pages of 10))",
              "rank": 4,
              "rme": 1.265006975663991,
              "samples": [],
              "totalTime": 3000.9151969999984,
              "min": 2.0372910000000957,
              "max": 5.724709000000075,
              "hz": 388.2149022953549,
              "period": 2.575892872961372,
              "mean": 2.575892872961372,
              "variance": 0.3219995155870781,
              "sd": 0.5674500115314812,
              "sem": 0.016625114555404562,
              "df": 1164,
              "critical": 1.96,
              "moe": 0.03258522452859294,
              "p75": 3.0488749999999527,
              "p99": 4.375833000000057,
              "p995": 4.630959000000075,
              "p999": 5.402625000000171,
              "sampleCount": 1165,
              "median": 2.1742079999999078
            },
            {
              "id": "-1332940700_0_1",
              "name": "cachebay.materialize:strict:cold(100 users (10 pages of 10))",
              "rank": 5,
              "rme": 0.9440090066586029,
              "samples": [],
              "totalTime": 3001.197261000011,
              "min": 2.4072500000002037,
              "max": 5.341875000000073,
              "hz": 347.8611731279986,
              "period": 2.874710020114953,
              "mean": 2.874710020114953,
              "variance": 0.20013761367058572,
              "sd": 0.44736742580409866,
              "sem": 0.013845674237348211,
              "df": 1043,
              "critical": 1.96,
              "moe": 0.027137521505202492,
              "p75": 3.172042000000147,
              "p99": 4.5688749999999345,
              "p995": 4.671083000000181,
              "p999": 5.333541999999852,
              "sampleCount": 1044,
              "median": 3.042167000000063
            },
            {
              "id": "-1332940700_0_2",
              "name": "cachebay.materialize:canonical:hot(100 users (10 pages of 10))",
              "rank": 2,
              "rme": 0.26529948102187634,
              "samples": [],
              "totalTime": 3000.167655000122,
              "min": 0.2866250000006403,
              "max": 1.1234999999996944,
              "hz": 3098.4935073568818,
              "period": 0.3227374844019064,
              "mean": 0.3227374844019064,
              "variance": 0.0017740080746489488,
              "sd": 0.04211897523265433,
              "sem": 0.00043684738325577393,
              "df": 9295,
              "critical": 1.96,
              "moe": 0.0008562208711813168,
              "p75": 0.31691700000010314,
              "p99": 0.5163339999999152,
              "p995": 0.5340000000014697,
              "p999": 0.6207500000000437,
              "sampleCount": 9296,
              "median": 0.312791999998808
            },
            {
              "id": "-1332940700_0_3",
              "name": "cachebay.materialize:strict:hot(100 users (10 pages of 10))",
              "rank": 3,
              "rme": 0.3167386671555043,
              "samples": [],
              "totalTime": 3000.1421680001095,
              "min": 0.290791999999783,
              "max": 3.1265000000003056,
              "hz": 3077.8541425439753,
              "period": 0.3249016859432651,
              "mean": 0.3249016859432651,
              "variance": 0.0025455628668482363,
              "sd": 0.050453571398348364,
              "sem": 0.000525045545725745,
              "df": 9233,
              "critical": 1.96,
              "moe": 0.0010290892696224602,
              "p75": 0.3213340000002063,
              "p99": 0.5201670000005834,
              "p995": 0.5649580000008427,
              "p999": 0.6460000000006403,
              "sampleCount": 9234,
              "median": 0.3140829999993002
            },
            {
              "id": "-1332940700_0_4",
              "name": "apollo.readQuery:cold(resetResultCache)(100 users (10 pages of 10))",
              "rank": 6,
              "rme": 0.6338070539105002,
              "samples": [],
              "totalTime": 3004.8342019999836,
              "min": 8.89587500000016,
              "max": 16.559542000000874,
              "hz": 106.49506045525294,
              "period": 9.390106881249949,
              "mean": 9.390106881249949,
              "variance": 0.29504825022970593,
              "sd": 0.5431834406806838,
              "sem": 0.03036487744035584,
              "df": 319,
              "critical": 1.96,
              "moe": 0.059515159783097446,
              "p75": 9.461624999999913,
              "p99": 10.88050000000112,
              "p995": 13.997083000000202,
              "p999": 16.559542000000874,
              "sampleCount": 320,
              "median": 9.332562499999767
            },
            {
              "id": "-1332940700_0_5",
              "name": "apollo.readQuery:cold(newInstance+restore)(100 users (10 pages of 10))",
              "rank": 8,
              "rme": 0.6985733024679902,
              "samples": [],
              "totalTime": 3007.6384139999827,
              "min": 9.644374999999854,
              "max": 16.810874999999214,
              "hz": 98.41608573097633,
              "period": 10.16094058783778,
              "mean": 10.16094058783778,
              "variance": 0.3882141496516696,
              "sd": 0.6230683346565363,
              "sem": 0.03621511133993306,
              "df": 295,
              "critical": 1.96,
              "moe": 0.0709816182262688,
              "p75": 10.262707999998383,
              "p99": 12.816791999997804,
              "p995": 15.275416999997105,
              "p999": 16.810874999999214,
              "sampleCount": 296,
              "median": 10.04022950000035
            },
            {
              "id": "-1332940700_0_6",
              "name": "apollo.readQuery:hot(100 users (10 pages of 10))",
              "rank": 7,
              "rme": 6.055564484509011,
              "samples": [],
              "totalTime": 3000.5506710000373,
              "min": 8.666040999996767,
              "max": 73.54841600000145,
              "hz": 99.64837550980198,
              "period": 10.035286525083736,
              "mean": 10.035286525083736,
              "variance": 28.74272010486964,
              "sd": 5.361223750681335,
              "sem": 0.31004757486310675,
              "df": 298,
              "critical": 1.96,
              "moe": 0.6076932467316892,
              "p75": 9.627292000001034,
              "p99": 37.70283400000335,
              "p995": 68.91579199999978,
              "p999": 73.54841600000145,
              "sampleCount": 299,
              "median": 9.486916999998357
            },
            {
              "id": "-1332940700_0_7",
              "name": "apollo.readQuery:hot(resultCaching)(100 users (10 pages of 10))",
              "rank": 1,
              "rme": 1.8943204928308275,
              "samples": [],
              "totalTime": 3000.001063999327,
              "min": 0.0012909999968542252,
              "max": 13.890707999998995,
              "hz": 563755.1333883058,
              "period": 0.0017738197681496151,
              "mean": 0.0017738197681496151,
              "variance": 0.0004970792925637202,
              "sd": 0.02229527511747097,
              "sem": 0.00001714379151731757,
              "df": 1691265,
              "critical": 1.96,
              "moe": 0.00003360183137394243,
              "p75": 0.0015410000014526304,
              "p99": 0.002790999998978805,
              "p995": 0.003541000001860084,