{
  "files": [
    {
      "filepath": "/Users/kochnev/Projects/Ferment/villus-cachebay/packages/benchmarks/perf/materialize.bench.ts",
      "groups": [
        {
          "fullName": "perf/materialize.bench.ts > materialize – COLD paths",
          "benchmarks": [
            {
              "id": "-1332940700_0_0",
              "name": "cachebay.materialize:canonical:cold(100 users (10 pages of 10))",
              "rank": 1,
              "rme": 1.3064027564519758,
              "samples": [],
              "totalTime": 3001.2332919999917,
              "min": 2.064791000000014,
              "max": 6.443291000000045,
              "hz": 382.5094180649263,
              "period": 2.6143147142857073,
              "mean": 2.6143147142857073,
              "variance": 0.34857774498214533,
              "sd": 0.5904047298101069,
              "sem": 0.017425244637631673,
              "df": 1147,
              "critical": 1.96,
              "moe": 0.034153479489758075,
              "p75": 2.9803750000000946,
              "p99": 5.076708999999937,
              "p995": 5.436084000000392,
              "p999": 5.801249999999982,
              "sampleCount": 1148,
              "median": 2.32427100000001
            },
            {
              "id": "-1332940700_0_1",
              "name": "cachebay.materialize:strict:cold(100 users (10 pages of 10))",
              "rank": 2,
              "rme": 0.9773980184036132,
              "samples": [],
              "totalTime": 3001.2833440000127,
              "min": 2.4341660000000047,
              "max": 6.217458000000079,
              "hz": 346.18524174903615,
              "period": 2.888626895091446,
              "mean": 2.888626895091446,
              "variance": 0.21559029871010763,
              "sd": 0.4643170239288105,
              "sem": 0.014404786750866129,
              "df": 1038,
              "critical": 1.96,
              "moe": 0.02823338203169761,
              "p75": 3.184957999999824,
              "p99": 4.602582999999868,
              "p995": 4.7942919999995866,
              "p999": 5.672165999999834,
              "sampleCount": 1039,
              "median": 3.040624999999636
            },
            {
              "id": "-1332940700_0_2",
              "name": "apollo.readQuery:cold(resetResultCache)(100 users (10 pages of 10))",
              "rank": 3,
              "rme": 0.5724531976707602,
              "samples": [],
              "totalTime": 3000.226738000011,
              "min": 9.000332999999955,
              "max": 15.191375000000335,
              "hz": 104.99206476973903,
              "period": 9.524529326984162,
              "mean": 9.524529326984162,
              "variance": 0.2437616770490548,
              "sd": 0.4937222671189287,
              "sem": 0.027818098313984782,
              "df": 314,
              "critical": 1.96,
              "moe": 0.05452347269541017,
              "p75": 9.66570800000045,
              "p99": 10.287249999999403,
              "p995": 14.012207999999191,
              "p999": 15.191375000000335,
              "sampleCount": 315,
              "median": 9.450957999999446
            },
            {
              "id": "-1332940700_0_3",
              "name": "apollo.readQuery:cold(newInstance+restore)(100 users (10 pages of 10))",
              "rank": 4,
              "rme": 0.798827933139141,
              "samples": [],
              "totalTime": 3007.3177080000114,
              "min": 9.602333000000726,
              "max": 16.38970900000095,
              "hz": 99.75666993944321,
              "period": 10.024392360000038,
              "mean": 10.024392360000038,
              "variance": 0.5007623987513934,
              "sd": 0.7076456731665879,
              "sem": 0.04085594198936034,
              "df": 299,
              "critical": 1.96,
              "moe": 0.08007764629914627,
              "p75": 10.005042000000685,
              "p99": 12.577792000000045,
              "p995": 15.224792000000889,
              "p999": 16.38970900000095,
              "sampleCount": 300,
              "median": 9.867437499999141
            }
          ]
        },
        {
          "fullName": "perf/materialize.bench.ts > materialize – HOT paths",
          "benchmarks": [
            {
              "id": "-1332940700_1_0",
              "name": "cachebay.materialize:canonical:hot(100 users (10 pages of 10))",
              "rank": 2,
              "rme": 0.3765778806856254,
              "samples": [],
              "totalTime": 3000.0005530013586,
              "min": 0.0008330000000569271,
              "max": 0.8340420000004087,
              "hz": 824141.514749541,
              "period": 0.0012133838450110149,
              "mean": 0.0012133838450110149,
              "variance": 0.000013437454739740817,
              "sd": 0.0036657134012004836,
              "sem": 0.000002331293453124609,
              "df": 2472424,
              "critical": 1.96,
              "moe": 0.000004569335168124234,
              "p75": 0.0010419999998703133,
              "p99": 0.001417000001310953,
              "p995": 0.0017920000009326031,
              "p999": 0.06533300000046438,
              "sampleCount": 2472425,
              "median": 0.0010000000002037268
            },
            {
              "id": "-1332940700_1_1",
              "name": "cachebay.materialize:strict:hot(100 users (10 pages of 10))",
              "rank": 1,
              "rme": 0.39997581680143457,
              "samples": [],
              "totalTime": 3000.0007139928202,
              "min": 0.0007909999985713512,
              "max": 0.8043340000003809,
              "hz": 842333.7995265716,
              "period": 0.001187177815448037,
              "mean": 0.001187177815448037,
              "variance": 0.000014831752022254957,
              "sd": 0.0038512013738903547,
              "sem": 0.000002422665389910058,
              "df": 2527001,
              "critical": 1.96,
              "moe": 0.000004748424164223713,
              "p75": 0.0010000000002037268,
              "p99": 0.0014169999994919635,
              "p995": 0.001790999998775078,
              "p999": 0.06883300000117742,
              "sampleCount": 2527002,
              "median": 0.0009580000005371403
            },
            {
              "id": "-1332940700_1_2",
              "name": "apollo.readQuery:hot(100 users (10 pages of 10))",
              "rank": 4,
              "rme": 6.469851663091592,
              "samples": [],
              "totalTime": 3001.7757899999924,
              "min": 8.655207999996492,
              "max": 76.57416599999851,
              "hz": 97.94202517703721,
              "period": 10.210121734693852,
              "mean": 10.210121734693852,
              "variance": 33.39532506256198,
              "sd": 5.778868839363113,
              "sem": 0.3370304749264113,
              "df": 293,
              "critical": 1.96,
              "moe": 0.6605797308557662,
              "p75": 9.932582999997976,
              "p99": 37.48308299999917,
              "p995": 75.86154199999874,
              "p999": 76.57416599999851,
              "sampleCount": 294,
              "median": 9.602145500000915
            },
            {
              "id": "-1332940700_1_3",
              "name": "apollo.readQuery:hot(resultCaching)(100 users (10 pages of 10))",
              "rank": 3,
              "rme": 2.056420258931391,
              "samples": [],
              "totalTime": 3000.0004130033267,
              "min": 0.001291000000492204,
              "max": 18.802583000000595,
              "hz": 573864.9209972929,
              "period": 0.001742570356560821,
              "mean": 0.001742570356560821,
              "variance": 0.0005754707324870905,
              "sd": 0.023988971059365812,
              "sem": 0.000018282943795127397,
              "df": 1721594,
              "critical": 1.96,