{
  "files": [
    {
      "filepath": "/Users/kochnev/Projects/Ferment/villus-cachebay/packages/benchmarks/perf/materialize.bench.ts",
      "groups": [
        {
          "fullName": "perf/materialize.bench.ts > materialize – Cachebay vs Apollo(readQuery)",
          "benchmarks": [
            {
              "id": "-1332940700_0_0",
              "name": "cachebay.materialize:canonical:cold(posts=1000, comments=5)",
              "rank": 4,
              "rme": 1.5758060700206526,
              "samples": [],
              "totalTime": 3005.699672,
              "min": 4.420083999999861,
              "max": 11.653083000000152,
              "hz": 171.34113723920984,
              "period": 5.836310042718447,
              "mean": 5.836310042718447,
              "variance": 1.133906733331201,
              "sd": 1.0648505685452776,
              "sem": 0.04692292240733787,
              "df": 514,
              "critical": 1.96,
              "moe": 0.09196892791838222,
              "p75": 6.321915999999874,
              "p99": 10.947165999999925,
              "p995": 11.438916000000063,
              "p999": 11.653083000000152,
              "sampleCount": 515,
              "median": 5.80658399999993
            },
            {
              "id": "-1332940700_0_1",
              "name": "cachebay.materialize:strict:cold(posts=1000, comments=5)",
              "rank": 5,
              "rme": 1.2609109254258566,
              "samples": [],
              "totalTime": 3003.9699929999974,
              "min": 4.7384170000004815,
              "max": 11.850416999999652,
              "hz": 161.7859036982732,
              "period": 6.181008216049378,
              "mean": 6.181008216049378,
              "variance": 0.7684428673515241,
              "sd": 0.8766087310491062,
              "sem": 0.03976377953961043,
              "df": 485,
              "critical": 1.96,
              "moe": 0.07793700789763644,
              "p75": 6.599999999999454,
              "p99": 9.090457999999671,
              "p995": 10.907083000000057,
              "p999": 11.850416999999652,
              "sampleCount": 486,
              "median": 6.111645500000122
            },
            {
              "id": "-1332940700_0_2",
              "name": "cachebay.materialize:canonical:hot(posts=1000, comments=5)",
              "rank": 2,
              "rme": 0.8199401626263212,
              "samples": [],
              "totalTime": 3000.064996000021,
              "min": 0.679124999999658,
              "max": 1.9735000000000582,
              "hz": 1212.9737205200117,
              "period": 0.8244201692772798,
              "mean": 0.8244201692772798,
              "variance": 0.043284404668793824,
              "sd": 0.20804904390261886,
              "sem": 0.0034488531003552653,
              "df": 3638,
              "critical": 1.96,
              "moe": 0.00675975207669632,
              "p75": 0.7579580000001442,
              "p99": 1.4063340000002427,
              "p995": 1.4260000000003856,
              "p999": 1.7899999999990541,
              "sampleCount": 3639,
              "median": 0.7454170000000886
            },
            {
              "id": "-1332940700_0_3",
              "name": "cachebay.materialize:strict:hot(posts=1000, comments=5)",
              "rank": 3,
              "rme": 0.7868660404265044,
              "samples": [],
              "totalTime": 3000.7429149999334,
              "min": 0.7035839999989548,
              "max": 1.642874999999549,
              "hz": 1204.3684188787229,
              "period": 0.8303107125068991,
              "mean": 0.8303107125068991,
              "variance": 0.04015678104780407,
              "sd": 0.2003915693032121,
              "sem": 0.003333384197316395,
              "df": 3613,
              "critical": 1.96,
              "moe": 0.006533433026740134,
              "p75": 0.7630410000001575,
              "p99": 1.3950409999997646,
              "p995": 1.4216250000008586,
              "p999": 1.5684170000004087,
              "sampleCount": 3614,
              "median": 0.7539589999996679
            },
            {
              "id": "-1332940700_0_4",
              "name": "apollo.readQuery:cold(resetResultCache)(posts=1000, comments=5)",
              "rank": 6,
              "rme": 1.6312040821172764,
              "samples": [],
              "totalTime": 3033.3549620000085,
              "min": 58.772415999999794,
              "max": 72.11345799999981,
              "hz": 16.15373097241887,
              "period": 61.90520330612262,
              "mean": 61.90520330612262,
              "variance": 12.350089249610505,
              "sd": 3.5142693763584067,
              "sem": 0.5020384823369153,
              "df": 48,
              "critical": 2.0114,
              "moe": 1.0098002033724713,
              "p75": 61.22466700000041,
              "p99": 72.11345799999981,
              "p995": 72.11345799999981,
              "p999": 72.11345799999981,
              "sampleCount": 49,
              "median": 60.47645899999952
            },
            {
              "id": "-1332940700_0_5",
              "name": "apollo.readQuery:cold(newInstance+restore)(posts=1000, comments=5)",
              "rank": 7,
              "rme": 1.9819736348524088,
              "samples": [],
              "totalTime": 3027.798248999996,
              "min": 65.18283299999894,
              "max": 84.94379100000151,
              "hz": 14.532011838811279,
              "period": 68.81359656818172,
              "mean": 68.81359656818172,
              "variance": 20.110038567666738,
              "sd": 4.4844217651406,
              "sem": 0.6760520180306652,
              "df": 43,
              "critical": 2.0174,
              "moe": 1.363867341175064,
              "p75": 68.81929200000013,
              "p99": 84.94379100000151,
              "p995": 84.94379100000151,
              "p999": 84.94379100000151,
              "sampleCount": 44,
              "median": 66.94622949999939
            },
            {
              "id": "-1332940700_0_6",
              "name": "apollo.readQuery:hot(posts=1000, comments=5)",
              "rank": 1,
              "rme": 1.9822159395357946,
              "samples": [],
              "totalTime": 3000.000085000487,
              "min": 0.0012499999975261744,
              "max": 5.892916000000696,
              "hz": 511703.31883498956,
              "period": 0.0019542574050071247,
              "mean": 0.0019542574050071247,
              "variance": 0.0005996430697094018,
              "sd": 0.024487610534909318,
              "sem": 0.000019764082541637664,
              "df": 1535109,
              "critical": 1.96,
              "moe": 0.00003873760178160982,
              "p75": 0.0015420000017911661,
              "p99": 0.0026249999973515514,
              "p995": 0.0038750000021536835,
              "p999": 0.024958000001788605,
              "sampleCount": 1535110,
              "median": 0.0014999999984866008
            }
          ]
        }
      ]
    }
  ]
}