{
  "files": [
    {
      "filepath": "/Users/kochnev/Projects/Ferment/villus-cachebay/packages/benchmarks/perf/materialize.bench.ts",
      "groups": [
        {
          "fullName": "perf/materialize.bench.ts > materialize – COLD paths",
          "benchmarks": [
            {
              "id": "-1332940700_0_0",
              "name": "cachebay.materialize:canonical:cold(100 users (10 pages of 10))",
              "rank": 1,
              "rme": 1.2685287489285924,
              "samples": [],
              "totalTime": 3002.110457000004,
              "min": 1.9978750000000218,
              "max": 6.754208999999946,
              "hz": 379.0666653675357,
              "period": 2.638058398066787,
              "mean": 2.638058398066787,
              "variance": 0.3317413121242152,
              "sd": 0.5759698882096314,
              "sem": 0.017073739384184838,
              "df": 1137,
              "critical": 1.96,
              "moe": 0.03346452919300228,
              "p75": 2.876416000000063,
              "p99": 4.998625000000175,
              "p995": 5.500875000000065,
              "p999": 5.904958000000079,
              "sampleCount": 1138,
              "median": 2.5140834999999697
            },
            {
              "id": "-1332940700_0_1",
              "name": "cachebay.materialize:strict:cold(100 users (10 pages of 10))",
              "rank": 2,
              "rme": 1.006787773270888,
              "samples": [],
              "totalTime": 3003.2363329999885,
              "min": 2.467791000000034,
              "max": 6.368666999999732,
              "hz": 329.3114128690863,
              "period": 3.0366393660262774,
              "mean": 3.0366393660262774,
              "variance": 0.2406281598307553,
              "sd": 0.4905386425458807,
              "sem": 0.015598221354838352,
              "df": 988,
              "critical": 1.96,
              "moe": 0.03057251385548317,
              "p75": 3.2577909999999974,
              "p99": 5.318957999999839,
              "p995": 6.0580409999997755,
              "p999": 6.368666999999732,
              "sampleCount": 989,
              "median": 3.148457999999664
            },
            {
              "id": "-1332940700_0_2",
              "name": "apollo.readQuery:cold(resetResultCache)(100 users (10 pages of 10))",
              "rank": 3,
              "rme": 0.708153433135854,
              "samples": [],
              "totalTime": 3004.834497000007,
              "min": 8.89850000000024,
              "max": 15.103917000000365,
              "hz": 104.4982678125847,
              "period": 9.569536614649705,
              "mean": 9.569536614649705,
              "variance": 0.375365239202015,
              "sd": 0.6126705796772153,
              "sem": 0.0345750010570584,
              "df": 313,
              "critical": 1.96,
              "moe": 0.06776700207183446,
              "p75": 9.662958000000799,
              "p99": 11.787333000000217,
              "p995": 13.171957999998995,
              "p999": 15.103917000000365,
              "sampleCount": 314,
              "median": 9.427937500000098
            },
            {
              "id": "-1332940700_0_3",
              "name": "apollo.readQuery:cold(newInstance+restore)(100 users (10 pages of 10))",
              "rank": 4,
              "rme": 3.901362524809588,
              "samples": [],
              "totalTime": 3007.7325740000088,
              "min": 9.647542000000612,
              "max": 45.27400000000125,
              "hz": 91.4310010062747,
              "period": 10.937209360000033,
              "mean": 10.937209360000033,
              "variance": 13.033654906892627,
              "sd": 3.6102153546419675,
              "sem": 0.21770417715867746,
              "df": 274,
              "critical": 1.96,
              "moe": 0.42670018723100783,
              "p75": 10.354917000000569,
              "p99": 33.713583000000654,
              "p995": 42.63916700000118,
              "p999": 45.27400000000125,
              "sampleCount": 275,
              "median": 9.946083000000726
            }
          ]
        },
        {
          "fullName": "perf/materialize.bench.ts > materialize – HOT paths",
          "benchmarks": [
            {
              "id": "-1332940700_1_0",
              "name": "cachebay.materialize:canonical:hot(100 users (10 pages of 10))",
              "rank": 1,
              "rme": 0.3742034381898809,
              "samples": [],
              "totalTime": 3000.000502998324,
              "min": 0.0007919999989098869,
              "max": 0.9914170000010927,
              "hz": 816960.5296900743,
              "period": 0.0012240493434601601,
              "mean": 0.0012240493434601601,
              "variance": 0.000013385162779638572,
              "sd": 0.0036585738723768544,
              "sem": 0.0000023369564940656037,
              "df": 2450881,
              "critical": 1.96,
              "moe": 0.000004580434728368583,
              "p75": 0.0010419999998703133,
              "p99": 0.0015000000003055902,
              "p995": 0.0019170000014128163,
              "p999": 0.0645410000015545,
              "sampleCount": 2450882,
              "median": 0.0010000000002037268
            },
            {
              "id": "-1332940700_1_1",
              "name": "cachebay.materialize:strict:hot(100 users (10 pages of 10))",
              "rank": 2,
              "rme": 3.7168601861414405,
              "samples": [],
              "totalTime": 3000.0007900023993,
              "min": 0.0008329999982379377,
              "max": 54.38679199999751,
              "hz": 718854.1440345005,
              "period": 0.0013911027825305356,
              "mean": 0.0013911027825305356,
              "variance": 0.0015007933460345093,
              "sd": 0.038740074161448236,
              "sem": 0.0000263802783021343,
              "df": 2156562,
              "critical": 1.96,
              "moe": 0.000051705345472183223,
              "p75": 0.0010840000031748787,
              "p99": 0.001958000000740867,
              "p995": 0.0036670000008598436,
              "p999": 0.07354099999793107,
              "sampleCount": 2156563,
              "median": 0.0010409999995317776
            },
            {
              "id": "-1332940700_1_2",
              "name": "apollo.readQuery:hot(100 users (10 pages of 10))",
              "rank": 4,
              "rme": 6.984914402445389,
              "samples": [],
              "totalTime": 3007.122663999995,
              "min": 8.707542000000103,
              "max": 88.86175000000003,
              "hz": 98.10042122046289,
              "period": 10.193636149152525,
              "mean": 10.193636149152525,
              "variance": 38.93052905558506,
              "sd": 6.239433392190757,
              "sem": 0.36327385689542563,
              "df": 294,
              "critical": 1.96,
              "moe": 0.7120167595150342,
              "p75": 9.78704099999959,
              "p99": 36.63916700000118,
              "p995": 75.01862500000061,
              "p999": 88.86175000000003,
              "sampleCount": 295,
              "median": 9.495915999999852
            },
            {
              "id": "-1332940700_1_3",
              "name": "apollo.readQuery:hot(resultCaching)(100 users (10 pages of 10))",
              "rank": 3,
              "rme": 1.8199156773044727,
              "samples": [],
              "totalTime": 3000.0000799973823,
              "min": 0.0012909999968542252,
              "max": 12.546500000000378,
              "hz": 556842.6518180151,
              "period": 0.0017958394471672323,
              "mean": 0.0017958394471672323,
              "variance": 0.00046449298866801133,
              "sd": 0.02155209940279627,
              "sem": 0.000016674879407252263,
              "df": 1670527,
              "critical": 1.96,