{
  "files": [
    {
      "filepath": "/Users/kochnev/Projects/Ferment/villus-cachebay/packages/benchmarks/perf/normalize.bench.ts",
      "groups": [
        {
          "fullName": "perf/normalize.bench.ts > normalize – Cachebay vs Apollo (paginated)",
          "benchmarks": [
            {
              "id": "299780516_0_0",
              "name": "cachebay.normalize:cold(1000 users (100 pages of 10))",
              "rank": 2,
              "rme": 3.5792293747015225,
              "samples": [],
              "totalTime": 1323.850042,
              "min": 127.22399999999993,
              "max": 147.9161250000002,
              "hz": 7.553725635641141,
              "period": 132.3850042,
              "mean": 132.3850042,
              "variance": 43.880487917461565,
              "sd": 6.624234892986628,
              "sem": 2.0947670017799487,
              "df": 9,
              "critical": 2.262,
              "moe": 4.738362958026244,
              "p75": 132.68374999999992,
              "p99": 147.9161250000002,
              "p995": 147.9161250000002,
              "p999": 147.9161250000002,
              "sampleCount": 10,
              "median": 129.06475
            },
            {
              "id": "299780516_0_1",
              "name": "cachebay.normalize:hot(1000 users (100 pages of 10))",
              "rank": 1,
              "rme": 1.8768214616035852,
              "samples": [],
              "totalTime": 1214.667833999999,
              "min": 118.63658399999986,
              "max": 129.30633299999954,
              "hz": 8.232703394366833,
              "period": 121.4667833999999,
              "mean": 121.4667833999999,
              "variance": 10.157241600278876,
              "sd": 3.1870427672497392,
              "sem": 1.0078314144875062,
              "df": 9,
              "critical": 2.262,
              "moe": 2.279714659570739,
              "p75": 122.38791700000002,
              "p99": 129.30633299999954,
              "p995": 129.30633299999954,
              "p999": 129.30633299999954,
              "sampleCount": 10,
              "median": 120.55866650000007
            },
            {
              "id": "299780516_0_2",
              "name": "apollo.writeQuery:cold(1000 users (100 pages of 10))",
              "rank": 3,
              "rme": 1.2675450982621388,
              "samples": [],
              "totalTime": 2074.1200850000014,
              "min": 204.7549170000002,
              "max": 216.46120799999971,
              "hz": 4.8213216160046946,
              "period": 207.41200850000013,
              "mean": 207.41200850000013,
              "variance": 13.508571730058058,
              "sd": 3.6754008937880585,
              "sem": 1.162263813858887,
              "df": 9,
              "critical": 2.262,
              "moe": 2.629040746948802,
              "p75": 207.45874999999978,
              "p99": 216.46120799999971,
              "p995": 216.46120799999971,
              "p999": 216.46120799999971,
              "sampleCount": 10,
              "median": 206.02529200000072
            },
            {
              "id": "299780516_0_3",
              "name": "apollo.writeQuery:hot(1000 users (100 pages of 10))",
              "rank": 4,
              "rme": 1.5800728444636105,
              "samples": [],
              "totalTime": 2293.3325840000016,
              "min": 223.44687499999964,
              "max": 239.98316700000032,
              "hz": 4.360466541036158,
              "period": 229.33325840000015,
              "mean": 229.33325840000015,
              "variance": 25.662744525294322,
              "sd": 5.0658409494667636,
              "sem": 1.6019595664464916,
              "df": 9,
              "critical": 2.262,
              "moe": 3.623632539301964,
              "p75": 230.7892499999998,
              "p99": 239.98316700000032,
              "p995": 239.98316700000032,
              "p999": 239.98316700000032,
              "sampleCount": 10,
              "median": 227.79154150000068
            }
          ]
        }
      ]
    }
  ]
}