{
  "files": [
    {
      "filepath": "/Users/kochnev/Projects/Ferment/villus-cachebay/packages/benchmarks/perf/normalize.bench.ts",
      "groups": [
        {
          "fullName": "perf/normalize.bench.ts > normalize – Cachebay vs Apollo",
          "benchmarks": [
            {
              "id": "299780516_0_0",
              "name": "cachebay.normalize:cold(users=10, posts=5, comments=3)",
              "rank": 3,
              "rme": 19.49371391329653,
              "samples": [],
              "totalTime": 26.98016699999988,
              "min": 2.2152920000000904,
              "max": 4.395083,
              "hz": 370.64262797187445,
              "period": 2.698016699999988,
              "mean": 2.698016699999988,
              "variance": 0.5406214115360076,
              "sd": 0.735269618259865,
              "sem": 0.23251266880237034,
              "df": 9,
              "critical": 2.262,
              "moe": 0.5259436568309617,
              "p75": 2.8555840000000217,
              "p99": 4.395083,
              "p995": 4.395083,
              "p999": 4.395083,
              "sampleCount": 10,
              "median": 2.3762914999999794
            },
            {
              "id": "299780516_0_1",
              "name": "cachebay.normalize:hot(users=10, posts=5, comments=3)",
              "rank": 1,
              "rme": 6.856807701541155,
              "samples": [],
              "totalTime": 13.61904299999992,
              "min": 1.2970000000000255,
              "max": 1.730833999999959,
              "hz": 734.2659833000057,
              "period": 1.361904299999992,
              "mean": 1.361904299999992,
              "variance": 0.01704323062489652,
              "sd": 0.13054972472164206,
              "sem": 0.041283447802838026,
              "df": 9,
              "critical": 2.262,
              "moe": 0.09338315893001961,
              "p75": 1.3270420000000058,
              "p99": 1.730833999999959,
              "p995": 1.730833999999959,
              "p999": 1.730833999999959,
              "sampleCount": 10,
              "median": 1.3231250000000045
            },
            {
              "id": "299780516_0_2",
              "name": "apollo.writeQuery:cold(users=10, posts=5, comments=3)",
              "rank": 4,
              "rme": 3.8755062386141597,
              "samples": [],
              "totalTime": 29.47008500000004,
              "min": 2.708458999999948,
              "max": 3.14808400000004,
              "hz": 339.32715158439436,
              "period": 2.947008500000004,
              "mean": 2.947008500000004,
              "variance": 0.02549379307428046,
              "sd": 0.15966775840563574,
              "sem": 0.05049137854553038,
              "df": 9,
              "critical": 2.262,
              "moe": 0.11421149826998972,
              "p75": 3.0716670000000477,
              "p99": 3.14808400000004,
              "p995": 3.14808400000004,
              "p999": 3.14808400000004,
              "sampleCount": 10,
              "median": 2.9877500000000055
            },
            {
              "id": "299780516_0_3",
              "name": "apollo.writeQuery:hot(users=10, posts=5, comments=3)",
              "rank": 2,
              "rme": 9.198766543290603,
              "samples": [],
              "totalTime": 23.26670899999999,
              "min": 1.9856250000000273,
              "max": 2.9303330000000187,
              "hz": 429.7986449222365,
              "period": 2.326670899999999,
              "mean": 2.326670899999999,
              "variance": 0.08952491327498059,
              "sd": 0.2992071410828635,
              "sem": 0.09461760580091877,
              "df": 9,
              "critical": 2.262,
              "moe": 0.21402502432167825,
              "p75": 2.4358330000000024,
              "p99": 2.9303330000000187,
              "p995": 2.9303330000000187,
              "p999": 2.9303330000000187,
              "sampleCount": 10,
              "median": 2.2789374999999836
            },
            {
              "id": "299780516_0_4",
              "name": "cachebay.normalize:cold(users=100, posts=5, comments=3)",
              "rank": 6,
              "rme": 12.206846999219993,
              "samples": [],
              "totalTime": 181.7003769999999,
              "min": 16.110165999999936,
              "max": 26.461791999999832,
              "hz": 55.03565906195124,
              "period": 18.170037699999988,
              "mean": 18.170037699999988,
              "variance": 9.614649526221626,
              "sd": 3.10074983289875,
              "sem": 0.9805431926346552,
              "df": 9,
              "critical": 2.262,
              "moe": 2.21798870173959,
              "p75": 18.845583999999917,
              "p99": 26.461791999999832,
              "p995": 26.461791999999832,
              "p999": 26.461791999999832,
              "sampleCount": 10,
              "median": 17.358896500000014
            },
            {
              "id": "299780516_0_5",
              "name": "cachebay.normalize:hot(users=100, posts=5, comments=3)",
              "rank": 5,
              "rme": 1.8566299605360923,
              "samples": [],
              "totalTime": 127.27016800000024,
              "min": 12.195292000000109,
              "max": 13.142040999999836,
              "hz": 78.57300856238345,
              "period": 12.727016800000024,
              "mean": 12.727016800000024,
              "variance": 0.10912361443348637,
              "sd": 0.33033863599870716,
              "sem": 0.10446224889092055,
              "df": 9,
              "critical": 2.262,
              "moe": 0.23629360699126228,
              "p75": 13.053333000000066,
              "p99": 13.142040999999836,
              "p995": 13.142040999999836,
              "p999": 13.142040999999836,
              "sampleCount": 10,
              "median": 12.749625000000037
            },
            {
              "id": "299780516_0_6",
              "name": "apollo.writeQuery:cold(users=100, posts=5, comments=3)",
              "rank": 8,
              "rme": 1.0883189554528216,
              "samples": [],
              "totalTime": 297.4698350000008,
              "min": 29.37954200000013,
              "max": 30.535209000000123,
              "hz": 33.61685395764574,
              "period": 29.746983500000077,
              "mean": 29.746983500000077,
              "variance": 0.20483919045692403,
              "sd": 0.45259163763477117,
              "sem": 0.1431220424871459,
              "df": 9,
              "critical": 2.262,
              "moe": 0.32374206010592405,
              "p75": 30.146832999999788,
              "p99": 30.535209000000123,
              "p995": 30.535209000000123,
              "p999": 30.535209000000123,
              "sampleCount": 10,
              "median": 29.53862500000014
            },
            {
              "id": "299780516_0_7",
              "name": "apollo.writeQuery:hot(users=100, posts=5, comments=3)",
              "rank": 7,
              "rme": 1.2051474697389404,
              "samples": [],
              "totalTime": 217.3105010000004,
              "min": 21.19287499999973,
              "max": 22.347416000000067,
              "hz": 46.01710434600665,
              "period": 21.73105010000004,
              "mean": 21.73105010000004,
              "variance": 0.13404684957863264,
              "sd": 0.36612409041011307,
              "sem": 0.11577860319533685,
              "df": 9,
              "critical": 2.262,
              "moe": 0.26189120042785197,
              "p75": 22.031667000000198,
              "p99": 22.347416000000067,
              "p995": 22.347416000000067,
              "p999": 22.347416000000067,
              "sampleCount": 10,
              "median": 21.710000000000264
            }
          ]
        }
      ]
    }
  ]
}