{
  "files": [
    {
      "filepath": "/Users/kochnev/Projects/Ferment/villus-cachebay/packages/benchmarks/perf/materialize.bench.ts",
      "groups": [
        {
          "fullName": "perf/materialize.bench.ts > materialize – COLD paths",
          "benchmarks": [
            {
              "id": "-1332940700_0_0",
              "name": "cachebay.materialize:canonical:cold(100 users (10 pages of 10))",
              "rank": 1,
              "rme": 1.4328948558648127,
              "samples": [],
              "totalTime": 3003.2285880000018,
              "min": 2.061374999999771,
              "max": 8.20395899999994,
              "hz": 363.941660773775,
              "period": 2.74769312717292,
              "mean": 2.74769312717292,
              "variance": 0.4410350663028895,
              "sd": 0.6641047103453562,
              "sem": 0.02008752728276111,
              "df": 1092,
              "critical": 1.96,
              "moe": 0.03937155347421178,
              "p75": 2.976957999999968,
              "p99": 5.420125000000098,
              "p995": 6.2773339999998825,
              "p999": 7.782832999999982,
              "sampleCount": 1093,
              "median": 2.671041999999943
            },
            {
              "id": "-1332940700_0_1",
              "name": "cachebay.materialize:strict:cold(100 users (10 pages of 10))",
              "rank": 2,
              "rme": 1.2218232758984482,
              "samples": [],
              "totalTime": 3003.4134550000035,
              "min": 2.446791000000303,
              "max": 6.569082999999409,
              "hz": 298.32722448131904,
              "period": 3.352023945312504,
              "mean": 3.352023945312504,
              "variance": 0.39122525308935074,
              "sd": 0.6254800181375507,
              "sem": 0.02089582080485594,
              "df": 895,
              "critical": 1.96,
              "moe": 0.040955808777517644,
              "p75": 3.671124999999847,
              "p99": 6.119958999999653,
              "p995": 6.40808399999969,
              "p999": 6.569082999999409,
              "sampleCount": 896,
              "median": 3.405708500000401
            },
            {
              "id": "-1332940700_0_2",
              "name": "apollo.readQuery:cold(resetResultCache)(100 users (10 pages of 10))",
              "rank": 4,
              "rme": 0.9822069316840173,
              "samples": [],
              "totalTime": 3002.7412920000097,
              "min": 9.40349999999944,
              "max": 18.053750000000946,
              "hz": 94.91327166922613,
              "period": 10.53593435789477,
              "mean": 10.53593435789477,
              "variance": 0.7944833847349307,
              "sd": 0.8913379744714857,
              "sem": 0.0527983048882247,
              "df": 284,
              "critical": 1.96,
              "moe": 0.1034846775809204,
              "p75": 11.021750000001703,
              "p99": 13.109875000000102,
              "p995": 16.764541999999892,
              "p999": 18.053750000000946,
              "sampleCount": 285,
              "median": 10.312166999999135
            },
            {
              "id": "-1332940700_0_3",
              "name": "apollo.readQuery:cold(newInstance+restore)(100 users (10 pages of 10))",
              "rank": 3,
              "rme": 0.8574368857271935,
              "samples": [],
              "totalTime": 3004.6430989999917,
              "min": 9.693874999999025,
              "max": 16.473041999999623,
              "hz": 96.85010512458231,
              "period": 10.325234017182103,
              "mean": 10.325234017182103,
              "variance": 0.5937245103408894,
              "sd": 0.770535210318704,
              "sem": 0.04516957398008725,
              "df": 290,
              "critical": 1.96,
              "moe": 0.08853236500097102,
              "p75": 10.572791000000507,
              "p99": 12.586166999999477,
              "p995": 16.195958000000246,
              "p999": 16.473041999999623,
              "sampleCount": 291,
              "median": 10.03900000000067
            }
          ]
        },
        {
          "fullName": "perf/materialize.bench.ts > materialize – HOT paths",
          "benchmarks": [
            {
              "id": "-1332940700_1_0",
              "name": "cachebay.materialize:canonical:hot(100 users (10 pages of 10))",
              "rank": 1,
              "rme": 0.4843113046646111,
              "samples": [],
              "totalTime": 3000.032055999878,
              "min": 0.0008329999982379377,
              "max": 3.4111250000005384,
              "hz": 774540.7237742178,
              "period": 0.0012910876979161973,
              "mean": 0.0012910876979161973,
              "variance": 0.000023649322748225765,
              "sd": 0.004863056934503828,
              "sem": 0.000003190246772521545,
              "df": 2323646,
              "critical": 1.96,
              "moe": 0.0000062528836741422284,
              "p75": 0.0010830000010173535,
              "p99": 0.0015419999999721767,
              "p995": 0.0020839999997406267,
              "p999": 0.07462499999928696,
              "sampleCount": 2323647,
              "median": 0.0010409999995317776
            },
            {
              "id": "-1332940700_1_1",
              "name": "cachebay.materialize:strict:hot(100 users (10 pages of 10))",
              "rank": 2,
              "rme": 0.5500215563510998,
              "samples": [],
              "totalTime": 3000.0006020017863,
              "min": 0.0007919999989098869,
              "max": 1.2160000000003492,
              "hz": 708263.1912080979,
              "period": 0.0014119045185650282,
              "mean": 0.0014119045185650282,
              "variance": 0.000033355998721449666,
              "sd": 0.005775465238528379,
              "sem": 0.000003962132248572894,
              "df": 2124789,
              "critical": 1.96,
              "moe": 0.000007765779207202872,
              "p75": 0.0011250000025029294,
              "p99": 0.0017919999991136137,
              "p995": 0.0037080000001878943,
              "p999": 0.10325000000011642,
              "sampleCount": 2124790,
              "median": 0.0010419999998703133
            },
            {
              "id": "-1332940700_1_2",
              "name": "apollo.readQuery:hot(100 users (10 pages of 10))",
              "rank": 4,
              "rme": 4.504167522698909,
              "samples": [],
              "totalTime": 3004.026863000003,
              "min": 8.681499999998778,
              "max": 70.87650000000212,
              "hz": 98.53440514989154,
              "period": 10.148739402027037,
              "mean": 10.148739402027037,
              "variance": 16.100258156457663,
              "sd": 4.0125126986039135,
              "sem": 0.23322256332114757,
              "df": 295,
              "critical": 1.96,
              "moe": 0.45711622410944924,
              "p75": 9.997666999999637,
              "p99": 21.682332999997016,
              "p995": 37.97295800000211,
              "p999": 70.87650000000212,
              "sampleCount": 296,
              "median": 9.685375499999282
            },
            {
              "id": "-1332940700_1_3",
              "name": "apollo.readQuery:hot(resultCaching)(100 users (10 pages of 10))",
              "rank": 3,
              "rme": 1.5929455044173364,
              "samples": [],
              "totalTime": 3000.0013849996467,
              "min": 0.0012909999968542252,
              "max": 10.439332999998442,
              "hz": 566974.7382467292,
              "period": 0.0017637470111848829,
              "mean": 0.0017637470111848829,
              "variance": 0.0003495002095751052,
              "sd": 0.018694924700974464,
              "sem": 0.000014334453430594248,
              "df": 1700924,
              "critical": 1.96,