{
  "files": [
    {
      "filepath": "/Users/kochnev/Projects/Ferment/villus-cachebay/packages/benchmarks/perf/normalize.bench.ts",
      "groups": [
        {
          "fullName": "perf/normalize.bench.ts > normalize – Cachebay vs Apollo (paginated)",
          "benchmarks": [
            {
              "id": "299780516_0_0",
              "name": "cachebay.normalize:cold(1000 users (100 pages of 10))",
              "rank": 2,
              "rme": 7.522344252246358,
              "samples": [],
              "totalTime": 1338.1021259999998,
              "min": 123.84920899999997,
              "max": 166.5297499999997,
              "hz": 7.473271139545295,
              "period": 133.81021259999997,
              "mean": 133.81021259999997,
              "variance": 198.01574743022695,
              "sd": 14.071806828912447,
              "sem": 4.449896037327467,
              "df": 9,
              "critical": 2.262,
              "moe": 10.065664836434731,
              "p75": 141.27133400000002,
              "p99": 166.5297499999997,
              "p995": 166.5297499999997,
              "p999": 166.5297499999997,
              "sampleCount": 10,
              "median": 127.114104
            },
            {
              "id": "299780516_0_1",
              "name": "cachebay.normalize:hot(1000 users (100 pages of 10))",
              "rank": 1,
              "rme": 5.546820536812512,
              "samples": [],
              "totalTime": 1246.0087079999998,
              "min": 119.59608299999945,
              "max": 151.5505830000002,
              "hz": 8.025626093778472,
              "period": 124.60087079999998,
              "mean": 124.60087079999998,
              "variance": 93.35663373638816,
              "sd": 9.662123665964339,
              "sem": 3.0554317818663232,
              "df": 9,
              "critical": 2.262,
              "moe": 6.911386690581623,
              "p75": 124.67116600000008,
              "p99": 151.5505830000002,
              "p995": 151.5505830000002,
              "p999": 151.5505830000002,
              "sampleCount": 10,
              "median": 121.05700000000024
            },
            {
              "id": "299780516_0_2",
              "name": "apollo.writeQuery:cold(1000 users (100 pages of 10))",
              "rank": 3,
              "rme": 2.5905759219501925,
              "samples": [],
              "totalTime": 2166.9803759999995,
              "min": 207.30558399999973,
              "max": 231.85212500000034,
              "hz": 4.61471645555871,
              "period": 216.69803759999996,
              "mean": 216.69803759999996,
              "variance": 61.59102120871781,
              "sd": 7.847994725324286,
              "sem": 2.481753839701226,
              "df": 9,
              "critical": 2.262,
              "moe": 5.613727185404174,
              "p75": 224.317,
              "p99": 231.85212500000034,
              "p995": 231.85212500000034,
              "p999": 231.85212500000034,
              "sampleCount": 10,
              "median": 214.0682499999998
            },
            {
              "id": "299780516_0_3",
              "name": "apollo.writeQuery:hot(1000 users (100 pages of 10))",
              "rank": 4,
              "rme": 3.5764595753452073,
              "samples": [],
              "totalTime": 2329.670914999999,
              "min": 221.29441600000064,
              "max": 257.7673340000001,
              "hz": 4.292451751710179,
              "period": 232.96709149999987,
              "mean": 232.96709149999987,
              "variance": 135.67836312173188,
              "sd": 11.648105559348776,
              "sem": 3.6834543993611737,
              "df": 9,
              "critical": 2.262,
              "moe": 8.331973851354975,
              "p75": 239.7717079999984,
              "p99": 257.7673340000001,
              "p995": 257.7673340000001,
              "p999": 257.7673340000001,
              "sampleCount": 10,
              "median": 230.60829150000063
            }
          ]
        }
      ]
    }
  ]
}