{
  "files": [
    {
      "filepath": "/Users/kochnev/Projects/Ferment/villus-cachebay/packages/benchmarks/perf/materialize.bench.ts",
      "groups": [
        {
          "fullName": "perf/materialize.bench.ts > materialize – COLD paths",
          "benchmarks": [
            {
              "id": "-1332940700_0_0",
              "name": "cachebay.materialize:canonical:cold(100 users (10 pages of 10))",
              "rank": 1,
              "rme": 1.2089725800688957,
              "samples": [],
              "totalTime": 3000.1614090000057,
              "min": 2.0384170000002086,
              "max": 6.913250000000062,
              "hz": 389.979017958896,
              "period": 2.5642405205128256,
              "mean": 2.5642405205128256,
              "variance": 0.2927009543501136,
              "sd": 0.541018441783747,
              "sem": 0.01581681876531428,
              "df": 1169,
              "critical": 1.96,
              "moe": 0.031000964780015988,
              "p75": 2.8219169999997575,
              "p99": 4.936958000000004,
              "p995": 5.675708000000213,
              "p999": 6.857708000000002,
              "sampleCount": 1170,
              "median": 2.3031455000000847
            },
            {
              "id": "-1332940700_0_1",
              "name": "cachebay.materialize:strict:cold(100 users (10 pages of 10))",
              "rank": 2,
              "rme": 1.053400822824996,
              "samples": [],
              "totalTime": 3001.7368440000023,
              "min": 2.3645839999999225,
              "max": 6.535334000000148,
              "hz": 342.8015357364882,
              "period": 2.917139790087466,
              "mean": 2.917139790087466,
              "variance": 0.25293272374047426,
              "sd": 0.5029241729530152,
              "sem": 0.01567815028149833,
              "df": 1028,
              "critical": 1.96,
              "moe": 0.030729174551736727,
              "p75": 3.1359999999995125,
              "p99": 5.250625000000582,
              "p995": 5.662583000000268,
              "p999": 6.336040999999568,
              "sampleCount": 1029,
              "median": 3.0273339999994278
            },
            {
              "id": "-1332940700_0_2",
              "name": "apollo.readQuery:cold(resetResultCache)(100 users (10 pages of 10))",
              "rank": 3,
              "rme": 0.6420889055381693,
              "samples": [],
              "totalTime": 3005.1291200000014,
              "min": 8.896333999999115,
              "max": 14.656499999999141,
              "hz": 104.82078720131662,
              "period": 9.540092444444449,
              "mean": 9.540092444444449,
              "variance": 0.307676204253069,
              "sd": 0.5546856805913318,
              "sem": 0.031252997532583135,
              "df": 314,
              "critical": 1.96,
              "moe": 0.061255875163862945,
              "p75": 9.638207999998485,
              "p99": 12.603165999999874,
              "p995": 14.542750000000524,
              "p999": 14.656499999999141,
              "sampleCount": 315,
              "median": 9.451250000000073
            },
            {
              "id": "-1332940700_0_3",
              "name": "apollo.readQuery:cold(newInstance+restore)(100 users (10 pages of 10))",
              "rank": 4,
              "rme": 0.5506282802502109,
              "samples": [],
              "totalTime": 3007.1547499999924,
              "min": 9.626666999998633,
              "max": 15.159457999998267,
              "hz": 100.42715626789767,
              "period": 9.957466059602623,
              "mean": 9.957466059602623,
              "variance": 0.2363249070516533,
              "sd": 0.48613260233361566,
              "sem": 0.0279737878165757,
              "df": 301,
              "critical": 1.96,
              "moe": 0.05482862412048837,
              "p75": 9.978416999998444,
              "p99": 11.512500000000728,
              "p995": 15.101292000001195,
              "p999": 15.159457999998267,
              "sampleCount": 302,
              "median": 9.881250499999624
            }
          ]
        },
        {
          "fullName": "perf/materialize.bench.ts > materialize – HOT paths",
          "benchmarks": [
            {
              "id": "-1332940700_1_0",
              "name": "cachebay.materialize:canonical:hot(100 users (10 pages of 10))",
              "rank": 1,
              "rme": 0.49206412842096037,
              "samples": [],
              "totalTime": 3000.0078789988656,
              "min": 0.0008330000000569271,
              "max": 3.4757079999999405,
              "hz": 767462.6510542143,
              "period": 0.001302995003895452,
              "mean": 0.001302995003895452,
              "variance": 0.000024637487398394598,
              "sd": 0.004963616362934851,
              "sem": 0.0000032712096986157217,
              "df": 2302393,
              "critical": 1.96,
              "moe": 0.000006411571009286815,
              "p75": 0.0010830000010173535,
              "p99": 0.001540999999633641,
              "p995": 0.002207999999882304,
              "p999": 0.07987499999944703,
              "sampleCount": 2302394,
              "median": 0.001041000001350767
            },
            {
              "id": "-1332940700_1_1",
              "name": "cachebay.materialize:strict:hot(100 users (10 pages of 10))",
              "rank": 2,
              "rme": 0.6100643061718258,
              "samples": [],
              "totalTime": 3000.000651000184,
              "min": 0.00079100000220933,
              "max": 0.6887920000008307,
              "hz": 731178.8413341466,
              "period": 0.0013676544553386535,
              "mean": 0.0013676544553386535,
              "variance": 0.00003974997159480555,
              "sd": 0.006304757853780393,
              "sem": 0.000004256924318260112,
              "df": 2193536,
              "critical": 1.96,
              "moe": 0.00000834357166378982,
              "p75": 0.0010419999998703133,
              "p99": 0.0014579999988200143,
              "p995": 0.0020000000004074536,
              "p999": 0.1141669999997248,
              "sampleCount": 2193537,
              "median": 0.0010000000002037268
            },
            {
              "id": "-1332940700_1_2",
              "name": "apollo.readQuery:hot(100 users (10 pages of 10))",
              "rank": 4,
              "rme": 6.598734425999905,
              "samples": [],
              "totalTime": 3003.6421780000055,
              "min": 8.698958000000857,
              "max": 82.91949999999997,
              "hz": 97.88116645630599,
              "period": 10.216469993197297,
              "mean": 10.216469993197297,
              "variance": 34.782293486587676,
              "sd": 5.897651522986728,
              "sem": 0.3439580217158471,
              "df": 293,
              "critical": 1.96,
              "moe": 0.6741577225630603,
              "p75": 9.855749999998807,
              "p99": 37.001374999999825,
              "p995": 71.98945800000001,
              "p999": 82.91949999999997,
              "sampleCount": 294,
              "median": 9.602707999998529
            },
            {
              "id": "-1332940700_1_3",
              "name": "apollo.readQuery:hot(resultCaching)(100 users (10 pages of 10))",
              "rank": 3,
              "rme": 1.928094773378107,
              "samples": [],
              "totalTime": 3000.370031003007,
              "min": 0.0012499999975261744,
              "max": 23.96387500000128,
              "hz": 579513.8539691197,
              "period": 0.0017255842861235316,
              "mean": 0.0017255842861235316,
              "variance": 0.0005010206293333963,
              "sd": 0.022383490106178624,
              "sem": 0.000016974949199480477,
              "df": 1738755,
              "critical": 1.96,