{
  "files": [
    {
      "filepath": "/Users/kochnev/Projects/Ferment/villus-cachebay/packages/benchmarks/perf/materialize.bench.ts",
      "groups": [
        {
          "fullName": "perf/materialize.bench.ts > materialize – Cachebay vs Apollo(readQuery)",
          "benchmarks": [
            {
              "id": "-1332940700_0_0",
              "name": "cachebay.materialize:canonical:cold(100 users (10 pages of 10))",
              "rank": 4,
              "rme": 1.2291694572926286,
              "samples": [],
              "totalTime": 3000.432567,
              "min": 2.1134170000000267,
              "max": 6.034915999999953,
              "hz": 376.94564858387633,
              "period": 2.6529023580901856,
              "mean": 2.6529023580901856,
              "variance": 0.31305202274646526,
              "sd": 0.5595105206754072,
              "sem": 0.016637074243592082,
              "df": 1130,
              "critical": 1.96,
              "moe": 0.03260866551744048,
              "p75": 3.056749999999738,
              "p99": 4.711416999999983,
              "p995": 5.299624999999992,
              "p999": 5.877916999999911,
              "sampleCount": 1131,
              "median": 2.2830000000000155
            },
            {
              "id": "-1332940700_0_1",
              "name": "cachebay.materialize:strict:cold(100 users (10 pages of 10))",
              "rank": 5,
              "rme": 1.0131334393559601,
              "samples": [],
              "totalTime": 3000.0389560000212,
              "min": 2.4470839999994496,
              "max": 5.8209160000005795,
              "hz": 337.6622820093783,
              "period": 2.9615389496545124,
              "mean": 2.9615389496545124,
              "variance": 0.2373916832854636,
              "sd": 0.48722857396243047,
              "sem": 0.015308337458418949,
              "df": 1012,
              "critical": 1.96,
              "moe": 0.03000434141850114,
              "p75": 3.2686660000008487,
              "p99": 4.756875000000036,
              "p995": 4.964125000000422,
              "p999": 5.816250000000764,
              "sampleCount": 1013,
              "median": 3.120332999999846
            },
            {
              "id": "-1332940700_0_2",
              "name": "cachebay.materialize:canonical:hot(100 users (10 pages of 10))",
              "rank": 1,
              "rme": 0.3849776934965069,
              "samples": [],
              "totalTime": 3000.000800000221,
              "min": 0.0007910000003903406,
              "max": 0.8959170000007362,
              "hz": 832293.4447216868,
              "period": 0.001201499310539918,
              "mean": 0.001201499310539918,
              "variance": 0.000013906053188280717,
              "sd": 0.0037290820838754295,
              "sem": 0.000002359951190353576,
              "df": 2496880,
              "critical": 1.96,
              "moe": 0.000004625504333093009,
              "p75": 0.0010410000004412723,
              "p99": 0.0014590000000680448,
              "p995": 0.0018340000005991897,
              "p999": 0.06591699999989942,
              "sampleCount": 2496881,
              "median": 0.0009589999990566866
            },
            {
              "id": "-1332940700_0_3",
              "name": "cachebay.materialize:strict:hot(100 users (10 pages of 10))",
              "rank": 2,
              "rme": 0.41145847939982494,
              "samples": [],
              "totalTime": 3000.0009420008937,
              "min": 0.0008339999985764734,
              "max": 1.0180410000011761,
              "hz": 803868.7475849738,
              "period": 0.0012439841740386778,
              "mean": 0.0012439841740386778,
              "variance": 0.00001644660027182347,
              "sd": 0.0040554408233659965,
              "sem": 0.000002611468554323477,
              "df": 2411606,
              "critical": 1.96,
              "moe": 0.000005118478366474016,
              "p75": 0.0010419999998703133,
              "p99": 0.0014590000009775395,
              "p995": 0.0018749999999272404,
              "p999": 0.07183299999996962,
              "sampleCount": 2411607,
              "median": 0.0010000000002037268
            },
            {
              "id": "-1332940700_0_4",
              "name": "apollo.readQuery:cold(resetResultCache)(100 users (10 pages of 10))",
              "rank": 6,
              "rme": 0.7394417163990772,
              "samples": [],
              "totalTime": 3007.86596499997,
              "min": 9.36066700000083,
              "max": 19.975624999999127,
              "hz": 101.06833334244102,
              "period": 9.894295937499901,
              "mean": 9.894295937499901,
              "variance": 0.42358359212878766,
              "sd": 0.6508329986477235,
              "sem": 0.03732783250298645,
              "df": 303,
              "critical": 1.96,
              "moe": 0.07316255170585344,
              "p75": 9.99383300000045,
              "p99": 11.042499999999563,
              "p995": 11.592415999999503,
              "p999": 19.975624999999127,
              "sampleCount": 304,
              "median": 9.845146000000568
            },
            {
              "id": "-1332940700_0_5",
              "name": "apollo.readQuery:cold(newInstance+restore)(100 users (10 pages of 10))",
              "rank": 7,
              "rme": 0.7392033191703268,
              "samples": [],
              "totalTime": 3002.0313400000596,
              "min": 9.984459000002971,
              "max": 17.895457999999053,
              "hz": 96.60125666775825,
              "period": 10.351832206896757,
              "mean": 10.351832206896757,
              "variance": 0.4420263096237662,
              "sd": 0.664850591955641,
              "sem": 0.039041371055267206,
              "df": 289,
              "critical": 1.96,
              "moe": 0.07652108726832373,
              "p75": 10.394207999997889,
              "p99": 11.84204200000022,
              "p995": 17.825292000001355,
              "p999": 17.895457999999053,
              "sampleCount": 290,
              "median": 10.238124999999854
            },
            {
              "id": "-1332940700_0_6",
              "name": "apollo.readQuery:hot(100 users (10 pages of 10))",
              "rank": 8,
              "rme": 4.876838382843901,
              "samples": [],
              "totalTime": 3010.546711999981,
              "min": 8.990542000003188,
              "max": 60.00920799999949,
              "hz": 92.3420317286217,
              "period": 10.829304719424393,
              "mean": 10.829304719424393,
              "variance": 20.184152952320673,
              "sd": 4.492677704033606,
              "sem": 0.26945290262857896,
              "df": 277,
              "critical": 1.96,
              "moe": 0.5281276891520148,
              "p75": 10.274207999998907,
              "p99": 39.37475000000268,
              "p995": 41.70545800000036,
              "p999": 60.00920799999949,
              "sampleCount": 278,
              "median": 9.954916500000763
            },
            {
              "id": "-1332940700_0_7",
              "name": "apollo.readQuery:hot(resultCaching)(100 users (10 pages of 10))",
              "rank": 3,
              "rme": 1.0519350700309855,
              "samples": [],
              "totalTime": 3000.0012689956275,
              "min": 0.0012500000011641532,
              "max": 5.474208000003273,
              "hz": 591611.0830827075,
              "period": 0.0016902996387243132,
              "mean": 0.0016902996387243132,
              "variance": 0.00014606658059421987,
              "sd": 0.012085800784152445,
              "sem": 0.000009071864636912296,
              "df": 1774833,
              "critical": 1.96,
              "moe": 0.0000177808546883481,
              "p75": 0.0015000000021245796,
              "p99": 0.002291000000695931,