{
  "files": [
    {
      "filepath": "/Users/kochnev/Projects/Ferment/villus-cachebay/packages/benchmarks/perf/materialize.bench.ts",
      "groups": [
        {
          "fullName": "perf/materialize.bench.ts > materialize – Cachebay vs Apollo(readQuery)",
          "benchmarks": [
            {
              "id": "-1332940700_0_0",
              "name": "cachebay.materialize:canonical:cold(100 users (10 pages of 10))",
              "rank": 3,
              "rme": 1.298953773144657,
              "samples": [],
              "totalTime": 3001.9244589999994,
              "min": 2.0760409999998046,
              "max": 7.601792000000046,
              "hz": 378.4239128983359,
              "period": 2.6425391364436615,
              "mean": 2.6425391364436615,
              "variance": 0.3484146728345965,
              "sd": 0.5902666116549339,
              "sem": 0.017512939703907743,
              "df": 1135,
              "critical": 1.96,
              "moe": 0.03432536181965917,
              "p75": 3.0115829999999733,
              "p99": 4.659833000000162,
              "p995": 5.311291999999867,
              "p999": 6.3091249999999945,
              "sampleCount": 1136,
              "median": 2.341874999999959
            },
            {
              "id": "-1332940700_0_1",
              "name": "cachebay.materialize:strict:cold(100 users (10 pages of 10))",
              "rank": 4,
              "rme": 0.986349876880994,
              "samples": [],
              "totalTime": 3002.102613000006,
              "min": 2.4189589999996315,
              "max": 5.800874999999905,
              "hz": 338.7625711380033,
              "period": 2.951919973451333,
              "mean": 2.951919973451333,
              "variance": 0.22442950872318898,
              "sd": 0.4737399167509415,
              "sem": 0.014855234195797292,
              "df": 1016,
              "critical": 1.96,
              "moe": 0.02911625902376269,
              "p75": 3.267417000000023,
              "p99": 4.6999580000001515,
              "p995": 4.752124999999978,
              "p999": 5.33783399999993,
              "sampleCount": 1017,
              "median": 3.108624999999847
            },
            {
              "id": "-1332940700_0_2",
              "name": "cachebay.materialize:canonical:hot(100 users (10 pages of 10))",
              "rank": 2,
              "rme": 0.2820791636071854,
              "samples": [],
              "totalTime": 3000.2788760000276,
              "min": 0.30008300000008603,
              "max": 1.0813329999991765,
              "hz": 3021.7191050209285,
              "period": 0.3309374449591912,
              "mean": 0.3309374449591912,
              "variance": 0.0020565411581118325,
              "sd": 0.0453491031676684,
              "sem": 0.00047627835551218166,
              "df": 9065,
              "critical": 1.96,
              "moe": 0.000933505576803876,
              "p75": 0.32679100000041217,
              "p99": 0.533582999999453,
              "p995": 0.5713749999995343,
              "p999": 0.6722079999999551,
              "sampleCount": 9066,
              "median": 0.3199580000000424
            },
            {
              "id": "-1332940700_0_3",
              "name": "cachebay.materialize:strict:hot(100 users (10 pages of 10))",
              "rank": 1,
              "rme": 0.3728540109807666,
              "samples": [],
              "totalTime": 3000.377789000033,
              "min": 0.2851250000003347,
              "max": 3.3972499999999854,
              "hz": 3090.2775090500104,
              "period": 0.3235955337575532,
              "mean": 0.3235955337575532,
              "variance": 0.003513532351681996,
              "sd": 0.05927505674128027,
              "sem": 0.0006155810851886008,
              "df": 9271,
              "critical": 1.96,
              "moe": 0.0012065389269696576,
              "p75": 0.3193750000009459,
              "p99": 0.5045000000009168,
              "p995": 0.5159579999999551,
              "p999": 0.5772080000006099,
              "sampleCount": 9272,
              "median": 0.3132919999989099
            },
            {
              "id": "-1332940700_0_4",
              "name": "apollo.readQuery:cold(resetResultCache)(100 users (10 pages of 10))",
              "rank": 5,
              "rme": 0.6178972528001224,
              "samples": [],
              "totalTime": 3008.3867859999973,
              "min": 8.910832999999911,
              "max": 15.672458000000915,
              "hz": 106.03689707869907,
              "period": 9.430679579937296,
              "mean": 9.430679579937296,
              "variance": 0.28196619757039787,
              "sd": 0.5310048941115306,
              "sem": 0.029730566349395242,
              "df": 318,
              "critical": 1.96,
              "moe": 0.058271910044814676,
              "p75": 9.498332999999548,
              "p99": 11.169749999999112,
              "p995": 14.672458000000915,
              "p999": 15.672458000000915,
              "sampleCount": 319,
              "median": 9.370708000000377
            },
            {
              "id": "-1332940700_0_5",
              "name": "apollo.readQuery:cold(newInstance+restore)(100 users (10 pages of 10))",
              "rank": 6,
              "rme": 0.5795207901150312,
              "samples": [],
              "totalTime": 3005.579295000005,
              "min": 9.742624999998952,
              "max": 16.27637500000128,
              "hz": 99.48165416810257,
              "period": 10.052104665551855,
              "mean": 10.052104665551855,
              "variance": 0.2641259614871003,
              "sd": 0.5139318646348953,
              "sem": 0.029721447133161244,
              "df": 298,
              "critical": 1.96,
              "moe": 0.058254036380996035,
              "p75": 10.059916999998677,
              "p99": 11.149959000002127,
              "p995": 15.42962500000067,
              "p999": 16.27637500000128,
              "sampleCount": 299,
              "median": 9.968791999999667
            },
            {
              "id": "-1332940700_0_6",
              "name": "apollo.readQuery:hot(100 users (10 pages of 10))",
              "rank": 7,
              "rme": 4.301762926604013,
              "samples": [],
              "totalTime": 3007.2015330000177,
              "min": 8.785166000001482,
              "max": 68.19408300000214,
              "hz": 96.10263789393935,
              "period": 10.405541636678262,
              "mean": 10.405541636678262,
              "variance": 15.07328905576612,
              "sd": 3.8824333936033106,
              "sem": 0.2283784349178418,
              "df": 288,
              "critical": 1.96,
              "moe": 0.4476217324389699,
              "p75": 10.383665999997902,
              "p99": 23.13908299999821,
              "p995": 35.82500000000073,
              "p999": 68.19408300000214,
              "sampleCount": 289,
              "median": 9.961833000001207
            }
          ]
        }
      ]
    }
  ]
}