{
  "files": [
    {
      "filepath": "/Users/kochnev/Projects/Ferment/villus-cachebay/packages/benchmarks/perf/materialize.bench.ts",
      "groups": [
        {
          "fullName": "perf/materialize.bench.ts > materialize – COLD paths",
          "benchmarks": [
            {
              "id": "-1332940700_0_0",
              "name": "cachebay.materialize:canonical:cold(100 users (10 pages of 10))",
              "rank": 1,
              "rme": 1.330807063664232,
              "samples": [],
              "totalTime": 3000.856134999995,
              "min": 1.9631670000001122,
              "max": 7.192500000000109,
              "hz": 393.2211165464625,
              "period": 2.543098419491521,
              "mean": 2.543098419491521,
              "variance": 0.3518247560738046,
              "sd": 0.5931481737928598,
              "sem": 0.01726721091965643,
              "df": 1179,
              "critical": 1.96,
              "moe": 0.0338437334025266,
              "p75": 2.990374999999858,
              "p99": 4.630291999999827,
              "p995": 5.037583000000041,
              "p999": 6.290207999999893,
              "sampleCount": 1180,
              "median": 2.1310420000000363
            },
            {
              "id": "-1332940700_0_1",
              "name": "cachebay.materialize:strict:cold(100 users (10 pages of 10))",
              "rank": 2,
              "rme": 1.0315552043044585,
              "samples": [],
              "totalTime": 3002.7081629999984,
              "min": 2.355791999999383,
              "max": 5.791124999999738,
              "hz": 339.6933516778802,
              "period": 2.94383153235294,
              "mean": 2.94383153235294,
              "variance": 0.24484930955315884,
              "sd": 0.4948225030787897,
              "sem": 0.015493493560174714,
              "df": 1019,
              "critical": 1.96,
              "moe": 0.03036724737794244,
              "p75": 3.3376249999996617,
              "p99": 4.721167000000605,
              "p995": 5.068083999999999,
              "p999": 5.296666999999616,
              "sampleCount": 1020,
              "median": 3.055353999999852
            },
            {
              "id": "-1332940700_0_2",
              "name": "apollo.readQuery:cold(resetResultCache)(100 users (10 pages of 10))",
              "rank": 3,
              "rme": 0.43485144749214977,
              "samples": [],
              "totalTime": 3000.470451000011,
              "min": 8.89337499999965,
              "max": 14.46349999999984,
              "hz": 106.98322321188517,
              "period": 9.347259971962652,
              "mean": 9.347259971962652,
              "variance": 0.1380522131324377,
              "sd": 0.37155378228789127,
              "sem": 0.020738109841292807,
              "df": 320,
              "critical": 1.96,
              "moe": 0.0406466952889339,
              "p75": 9.465124999999716,
              "p99": 10.034833000000617,
              "p995": 11.302000000001499,
              "p999": 14.46349999999984,
              "sampleCount": 321,
              "median": 9.323833000000377
            },
            {
              "id": "-1332940700_0_3",
              "name": "apollo.readQuery:cold(newInstance+restore)(100 users (10 pages of 10))",
              "rank": 4,
              "rme": 0.5996319092664693,
              "samples": [],
              "totalTime": 3004.964618999973,
              "min": 9.703125,
              "max": 15.754417000000103,
              "hz": 99.83478610800998,
              "period": 10.01654872999991,
              "mean": 10.01654872999991,
              "variance": 0.28171813179130806,
              "sd": 0.5307712612710941,
              "sem": 0.030644093057298333,
              "df": 299,
              "critical": 1.96,
              "moe": 0.060062422392304735,
              "p75": 10.013708000000406,
              "p99": 11.302999999999884,
              "p995": 15.5864160000001,
              "p999": 15.754417000000103,
              "sampleCount": 300,
              "median": 9.902228999999352
            }
          ]
        },
        {
          "fullName": "perf/materialize.bench.ts > materialize – HOT paths",
          "benchmarks": [
            {
              "id": "-1332940700_1_0",
              "name": "cachebay.materialize:canonical:hot(100 users (10 pages of 10))",
              "rank": 2,
              "rme": 0.5253451961215136,
              "samples": [],
              "totalTime": 3000.0250550000746,
              "min": 0.0007910000003903406,
              "max": 3.6805829999993875,
              "hz": 788856.0784036322,
              "period": 0.0012676583566721689,
              "mean": 0.0012676583566721689,
              "variance": 0.000027321497120598187,
              "sd": 0.00522699695050592,
              "sem": 0.000003397746061229675,
              "df": 2366587,
              "critical": 1.96,
              "moe": 0.0000066595822800101625,
              "p75": 0.0010419999998703133,
              "p99": 0.001583000001119217,
              "p995": 0.002125000000887667,
              "p999": 0.07787499999903957,
              "sampleCount": 2366588,
              "median": 0.0010000000002037268
            },
            {
              "id": "-1332940700_1_1",
              "name": "cachebay.materialize:strict:hot(100 users (10 pages of 10))",
              "rank": 1,
              "rme": 0.4654787200133399,
              "samples": [],
              "totalTime": 3000.000601001204,
              "min": 0.0007909999985713512,
              "max": 0.9541659999995318,
              "hz": 808122.5047724672,
              "period": 0.001237436148720493,
              "mean": 0.001237436148720493,
              "variance": 0.00002093782957814357,
              "sd": 0.004575787317844172,
              "sem": 0.0000029387765030849592,
              "df": 2424367,
              "critical": 1.96,
              "moe": 0.00000576000194604652,
              "p75": 0.0010000000002037268,
              "p99": 0.001374999999825377,
              "p995": 0.0018329999984416645,
              "p999": 0.08275000000139698,
              "sampleCount": 2424368,
              "median": 0.0009580000005371403
            },
            {
              "id": "-1332940700_1_2",
              "name": "apollo.readQuery:hot(100 users (10 pages of 10))",
              "rank": 4,
              "rme": 4.510368841401505,
              "samples": [],
              "totalTime": 3003.31940700001,
              "min": 8.649124999999913,
              "max": 70.83962500000052,
              "hz": 100.22244031002562,
              "period": 9.977805338870464,
              "mean": 9.977805338870464,
              "variance": 15.868962112987914,
              "sd": 3.983586589116385,
              "sem": 0.22961011380617818,
              "df": 300,
              "critical": 1.96,
              "moe": 0.45003582306010925,
              "p75": 9.801833000001352,
              "p99": 16.360000000000582,
              "p995": 37.54266699999789,
              "p999": 70.83962500000052,
              "sampleCount": 301,
              "median": 9.624750000002678
            },
            {
              "id": "-1332940700_1_3",
              "name": "apollo.readQuery:hot(resultCaching)(100 users (10 pages of 10))",
              "rank": 3,
              "rme": 3.8685593018268545,
              "samples": [],
              "totalTime": 3000.000189999977,
              "min": 0.0012909999968542252,
              "max": 55.6272919999974,
              "hz": 569495.9639319266,
              "period": 0.001755938695501506,
              "mean": 0.001755938695501506,
              "variance": 0.002052187349942494,
              "sd": 0.04530107448993339,
              "sem": 0.000034657923336326855,
              "df": 1708487,
              "critical": 1.96,
              "moe": 0.00006792952973920063,