{
  "files": [
    {
      "filepath": "/Users/kochnev/Projects/Ferment/villus-cachebay/packages/benchmarks/perf/materialize.bench.ts",
      "groups": [
        {
          "fullName": "perf/materialize.bench.ts > materialize – COLD paths",
          "benchmarks": [
            {
              "id": "-1332940700_0_0",
              "name": "cachebay.materialize:canonical:cold(100 users (10 pages of 10))",
              "rank": 1,
              "rme": 1.1431058930399358,
              "samples": [],
              "totalTime": 3001.5736599999937,
              "min": 2.102916999999934,
              "max": 6.6868750000001,
              "hz": 395.4592272108367,
              "period": 2.5287056950294806,
              "mean": 2.5287056950294806,
              "variance": 0.2581713685263348,
              "sd": 0.5081056666937841,
              "sem": 0.014747848886489008,
              "df": 1186,
              "critical": 1.96,
              "moe": 0.028905783817518457,
              "p75": 2.8002080000001115,
              "p99": 4.867875000000367,
              "p995": 5.620874999999955,
              "p999": 6.264750000000049,
              "sampleCount": 1187,
              "median": 2.219708999999966
            },
            {
              "id": "-1332940700_0_1",
              "name": "cachebay.materialize:strict:cold(100 users (10 pages of 10))",
              "rank": 2,
              "rme": 1.0004730564195599,
              "samples": [],
              "totalTime": 3001.740103999996,
              "min": 2.505833999999595,
              "max": 6.4650000000001455,
              "hz": 336.1383614309073,
              "period": 2.9749654152626324,
              "mean": 2.9749654152626324,
              "variance": 0.23267710980098524,
              "sd": 0.4823661573960027,
              "sem": 0.015185575213011688,
              "df": 1008,
              "critical": 1.96,
              "moe": 0.029763727417502907,
              "p75": 3.18429100000003,
              "p99": 5.402499999999236,
              "p995": 5.687915999999859,
              "p999": 6.290166000000227,
              "sampleCount": 1009,
              "median": 3.044292000000496
            },
            {
              "id": "-1332940700_0_2",
              "name": "apollo.readQuery:cold(resetResultCache)(100 users (10 pages of 10))",
              "rank": 3,
              "rme": 0.5805495607074997,
              "samples": [],
              "totalTime": 3006.6097499999933,
              "min": 9.03441599999951,
              "max": 15.049582999999984,
              "hz": 105.43436839450172,
              "period": 9.48457334384856,
              "mean": 9.48457334384856,
              "variance": 0.2501850298644507,
              "sd": 0.5001849956410634,
              "sem": 0.028093188205455834,
              "df": 316,
              "critical": 1.96,
              "moe": 0.05506264888269344,
              "p75": 9.555249999999432,
              "p99": 10.277082999999948,
              "p995": 15.021499999999833,
              "p999": 15.049582999999984,
              "sampleCount": 317,
              "median": 9.435999999999694
            },
            {
              "id": "-1332940700_0_3",
              "name": "apollo.readQuery:cold(newInstance+restore)(100 users (10 pages of 10))",
              "rank": 4,
              "rme": 0.6224695191507426,
              "samples": [],
              "totalTime": 3006.1674070000154,
              "min": 9.799291999999696,
              "max": 15.876625000000786,
              "hz": 98.79689311660428,
              "period": 10.121775781144834,
              "mean": 10.121775781144834,
              "variance": 0.306897896329382,
              "sd": 0.5539836607061458,
              "sem": 0.032145392364494166,
              "df": 296,
              "critical": 1.96,
              "moe": 0.06300496903440857,
              "p75": 10.13170799999898,
              "p99": 13.484416000001147,
              "p995": 15.798667000000933,
              "p999": 15.876625000000786,
              "sampleCount": 297,
              "median": 10.026000000001659
            }
          ]
        },
        {
          "fullName": "perf/materialize.bench.ts > materialize – HOT paths",
          "benchmarks": [
            {
              "id": "-1332940700_1_0",
              "name": "cachebay.materialize:canonical:hot(100 users (10 pages of 10))",
              "rank": 1,
              "rme": 0.4740171516177863,
              "samples": [],
              "totalTime": 3000.000414997907,
              "min": 0.0008329999982379377,
              "max": 2.4998340000001917,
              "hz": 799346.889424238,
              "period": 0.0012510213190674833,
              "mean": 0.0012510213190674833,
              "variance": 0.000021951388463832825,
              "sd": 0.004685230886928927,
              "sem": 0.00000302553858304844,
              "df": 2398040,
              "critical": 1.96,
              "moe": 0.000005930055622774942,
              "p75": 0.0010419999998703133,
              "p99": 0.0017079999997804407,
              "p995": 0.0023330000003625173,
              "p999": 0.07012500000018917,
              "sampleCount": 2398041,
              "median": 0.0010000000002037268
            },
            {
              "id": "-1332940700_1_1",
              "name": "cachebay.materialize:strict:hot(100 users (10 pages of 10))",
              "rank": 2,
              "rme": 0.47701898218206523,
              "samples": [],
              "totalTime": 3000.0007990030863,
              "min": 0.0007919999989098869,
              "max": 0.8502919999991718,
              "hz": 791920.4557510372,
              "period": 0.0012627530868003977,
              "mean": 0.0012627530868003977,
              "variance": 0.00002243876701896016,
              "sd": 0.004736957569892321,
              "sem": 0.000003073250980677484,
              "df": 2375761,
              "critical": 1.96,
              "moe": 0.000006023571922127869,
              "p75": 0.0010409999995317776,
              "p99": 0.0014169999994919635,
              "p995": 0.0018750000017462298,
              "p999": 0.08612500000162981,
              "sampleCount": 2375762,
              "median": 0.000959000000875676
            },
            {
              "id": "-1332940700_1_2",
              "name": "apollo.readQuery:hot(100 users (10 pages of 10))",
              "rank": 4,
              "rme": 4.5200915694585,
              "samples": [],
              "totalTime": 3000.172966000013,
              "min": 8.781417000001966,
              "max": 71.14904200000092,
              "hz": 100.66086303105456,
              "period": 9.934347569536467,
              "mean": 9.934347569536467,
              "variance": 15.851412475791143,
              "sd": 3.9813832364884374,
              "sem": 0.2291028606996547,
              "df": 301,
              "critical": 1.96,
              "moe": 0.44904160697132317,
              "p75": 9.777916000002733,
              "p99": 15.347208999999566,
              "p995": 37.229708000002574,
              "p999": 71.14904200000092,
              "sampleCount": 302,
              "median": 9.557520499998645
            },
            {
              "id": "-1332940700_1_3",
              "name": "apollo.readQuery:hot(resultCaching)(100 users (10 pages of 10))",
              "rank": 3,
              "rme": 1.4809469227217273,
              "samples": [],
              "totalTime": 3000.0004650006304,
              "min": 0.0013329999965208117,
              "max": 11.77654099999927,
              "hz": 568934.2451484058,
              "period": 0.0017576723646493652,
              "mean": 0.0017576723646493652,
              "variance": 0.00030104130718333383,
              "sd": 0.017350541985290655,
              "sem": 0.00001328071163051275,
              "df": 1706802,
              "critical": 1.96,