{
  "files": [
    {
      "filepath": "/Users/kochnev/Projects/Ferment/villus-cachebay/packages/benchmarks/perf/normalize.bench.ts",
      "groups": [
        {
          "fullName": "perf/normalize.bench.ts > normalize – Cachebay vs Apollo",
          "benchmarks": [
            {
              "id": "299780516_0_0",
              "name": "cachebay.normalize:cold(users=10, posts=5, comments=3)",
              "rank": 2,
              "rme": 11.404430292205928,
              "samples": [],
              "totalTime": 14.141291000000024,
              "min": 1.262625000000014,
              "max": 1.8493330000000014,
              "hz": 707.1490148954563,
              "period": 1.4141291000000025,
              "mean": 1.4141291000000025,
              "variance": 0.050832340590984695,
              "sd": 0.22546028606161372,
              "sem": 0.07129680258678132,
              "df": 9,
              "critical": 2.262,
              "moe": 0.16127336745129936,
              "p75": 1.3232499999999732,
              "p99": 1.8493330000000014,
              "p995": 1.8493330000000014,
              "p999": 1.8493330000000014,
              "sampleCount": 10,
              "median": 1.3147710000000075
            },
            {
              "id": "299780516_0_1",
              "name": "cachebay.normalize:hot(users=10, posts=5, comments=3)",
              "rank": 1,
              "rme": 8.881087017172575,
              "samples": [],
              "totalTime": 13.990002000000004,
              "min": 1.2863749999999072,
              "max": 1.7444590000000062,
              "hz": 714.7961808725972,
              "period": 1.3990002000000004,
              "mean": 1.3990002000000004,
              "variance": 0.03017050660195559,
              "sd": 0.1736965935243279,
              "sem": 0.054927685734932966,
              "df": 9,
              "critical": 2.262,
              "moe": 0.12424642513241838,
              "p75": 1.3579170000000431,
              "p99": 1.7444590000000062,
              "p995": 1.7444590000000062,
              "p999": 1.7444590000000062,
              "sampleCount": 10,
              "median": 1.321083500000043
            },
            {
              "id": "299780516_0_2",
              "name": "apollo.writeQuery:cold(users=10, posts=5, comments=3)",
              "rank": 4,
              "rme": 4.9358817920376055,
              "samples": [],
              "totalTime": 28.99103999999977,
              "min": 2.5960000000000036,
              "max": 3.111582999999996,
              "hz": 344.93415896773894,
              "period": 2.8991039999999773,
              "mean": 2.8991039999999773,
              "variance": 0.04001952133577501,
              "sd": 0.2000487973864752,
              "sem": 0.0632609842918801,
              "df": 9,
              "critical": 2.262,
              "moe": 0.14309634646823277,
              "p75": 3.055749999999989,
              "p99": 3.111582999999996,
              "p995": 3.111582999999996,
              "p999": 3.111582999999996,
              "sampleCount": 10,
              "median": 3.0028954999999655
            },
            {
              "id": "299780516_0_3",
              "name": "apollo.writeQuery:hot(users=10, posts=5, comments=3)",
              "rank": 3,
              "rme": 4.239599214415956,
              "samples": [],
              "totalTime": 21.100458000000003,
              "min": 1.957416999999964,
              "max": 2.3288749999999254,
              "hz": 473.923362232232,
              "period": 2.1100458000000004,
              "mean": 2.1100458000000004,
              "variance": 0.015640411275949603,
              "sd": 0.1250616299108148,
              "sem": 0.03954795984112152,
              "df": 9,
              "critical": 2.262,
              "moe": 0.08945748516061688,
              "p75": 2.2187079999999924,
              "p99": 2.3288749999999254,
              "p995": 2.3288749999999254,
              "p999": 2.3288749999999254,
              "sampleCount": 10,
              "median": 2.060625000000016
            },
            {
              "id": "299780516_0_4",
              "name": "cachebay.normalize:cold(users=100, posts=5, comments=3)",
              "rank": 6,
              "rme": 7.76136429941768,
              "samples": [],
              "totalTime": 154.58033399999977,
              "min": 13.758624999999938,
              "max": 19.263750000000073,
              "hz": 64.69128213942153,
              "period": 15.458033399999977,
              "mean": 15.458033399999977,
              "variance": 2.813192291773084,
              "sd": 1.6772573719537154,
              "sem": 0.530395351768196,
              "df": 9,
              "critical": 2.262,
              "moe": 1.1997542856996593,
              "p75": 16.01754200000005,
              "p99": 19.263750000000073,
              "p995": 19.263750000000073,
              "p999": 19.263750000000073,
              "sampleCount": 10,
              "median": 14.767020499999944
            },
            {
              "id": "299780516_0_5",
              "name": "cachebay.normalize:hot(users=100, posts=5, comments=3)",
              "rank": 5,
              "rme": 3.0738996151702453,
              "samples": [],
              "totalTime": 128.04620999999997,
              "min": 12.135541999999987,
              "max": 13.591333000000077,
              "hz": 78.09680583283178,
              "period": 12.804620999999997,
              "mean": 12.804620999999997,
              "variance": 0.3027803013295546,
              "sd": 0.5502547603879084,
              "sem": 0.17400583361759872,
              "df": 9,
              "critical": 2.262,
              "moe": 0.39360119564300833,
              "p75": 13.293249999999944,
              "p99": 13.591333000000077,
              "p995": 13.591333000000077,
              "p999": 13.591333000000077,
              "sampleCount": 10,
              "median": 12.809604500000091
            },
            {
              "id": "299780516_0_6",
              "name": "apollo.writeQuery:cold(users=100, posts=5, comments=3)",
              "rank": 8,
              "rme": 3.5220131695670656,
              "samples": [],
              "totalTime": 298.47804500000007,
              "min": 28.73129199999994,
              "max": 32.57670899999994,
              "hz": 33.50330172525754,
              "period": 29.847804500000006,
              "mean": 29.847804500000006,
              "variance": 2.1598397655164394,
              "sd": 1.4696393317805696,
              "sem": 0.464740762739448,
              "df": 9,
              "critical": 2.262,
              "moe": 1.0512436053166314,
              "p75": 29.89583400000015,
              "p99": 32.57670899999994,
              "p995": 32.57670899999994,
              "p999": 32.57670899999994,
              "sampleCount": 10,
              "median": 29.263395999999943
            },
            {
              "id": "299780516_0_7",
              "name": "apollo.writeQuery:hot(users=100, posts=5, comments=3)",
              "rank": 7,
              "rme": 0.7420612118294471,
              "samples": [],
              "totalTime": 211.1661650000001,
              "min": 20.8581250000002,
              "max": 21.481083000000126,
              "hz": 47.356071461543074,
              "period": 21.11661650000001,
              "mean": 21.11661650000001,
              "variance": 0.04798913554340299,
              "sd": 0.2190642269824149,
              "sem": 0.06927419111285457,
              "df": 9,
              "critical": 2.262,
              "moe": 0.15669822029727704,
              "p75": 21.322584000000006,
              "p99": 21.481083000000126,
              "p995": 21.481083000000126,
              "p999": 21.481083000000126,
              "sampleCount": 10,
              "median": 21.09552050000002
            }
          ]
        }
      ]
    }
  ]
}