{
  "files": [
    {
      "filepath": "/Users/kochnev/Projects/Ferment/villus-cachebay/packages/benchmarks/api/writeQuery.bench.ts",
      "groups": [
        {
          "fullName": "api/writeQuery.bench.ts > writeQuery – Cachebay vs Apollo (paginated)",
          "benchmarks": [
            {
              "id": "-627102803_0_0",
              "name": "cachebay.writeQuery:cold(1000 users (100 pages of 10))",
              "rank": 2,
              "rme": 3.9828333456853895,
              "samples": [],
              "totalTime": 1399.1397090000003,
              "min": 135.542375,
              "max": 159.8885839999998,
              "hz": 7.147249081471104,
              "period": 139.91397090000004,
              "mean": 139.91397090000004,
              "variance": 60.69057230575103,
              "sd": 7.79041541291291,
              "sem": 2.4635456623685914,
              "df": 9,
              "critical": 2.262,
              "moe": 5.572540288277754,
              "p75": 138.11050000000023,
              "p99": 159.8885839999998,
              "p995": 159.8885839999998,
              "p999": 159.8885839999998,
              "sampleCount": 10,
              "median": 136.8973125000001
            },
            {
              "id": "-627102803_0_1",
              "name": "cachebay.writeQuery:hot(1000 users (100 pages of 10))",
              "rank": 1,
              "rme": 3.7633381394502035,
              "samples": [],
              "totalTime": 1343.0607499999996,
              "min": 127.43191699999988,
              "max": 146.6155000000008,
              "hz": 7.445679579274431,
              "period": 134.30607499999996,
              "mean": 134.30607499999996,
              "variance": 49.9289688760041,
              "sd": 7.066043367826445,
              "sem": 2.2344791087858504,
              "df": 9,
              "critical": 2.262,
              "moe": 5.054391744073594,
              "p75": 136.66541599999982,
              "p99": 146.6155000000008,
              "p995": 146.6155000000008,
              "p999": 146.6155000000008,
              "sampleCount": 10,
              "median": 132.22393749999992
            },
            {
              "id": "-627102803_0_2",
              "name": "apollo.writeQuery:cold(1000 users (100 pages of 10))",
              "rank": 3,
              "rme": 2.6678692085137587,
              "samples": [],
              "totalTime": 2031.5779170000014,
              "min": 195.8431670000009,
              "max": 216.61762500000077,
              "hz": 4.9222822892103695,
              "period": 203.15779170000013,
              "mean": 203.15779170000013,
              "variance": 57.4130785671349,
              "sd": 7.5771418468400675,
              "sem": 2.396102639018932,
              "df": 9,
              "critical": 2.262,
              "moe": 5.419984169460824,
              "p75": 208.37387500000023,
              "p99": 216.61762500000077,
              "p995": 216.61762500000077,
              "p999": 216.61762500000077,
              "sampleCount": 10,
              "median": 200.75568750000002
            },
            {
              "id": "-627102803_0_3",
              "name": "apollo.writeQuery:hot(1000 users (100 pages of 10))",
              "rank": 4,
              "rme": 1.4332479731672543,
              "samples": [],
              "totalTime": 2201.5121259999996,
              "min": 216.30312500000036,
              "max": 231.49433300000055,
              "hz": 4.542332464082009,
              "period": 220.15121259999995,
              "mean": 220.15121259999995,
              "variance": 19.45806434543356,
              "sd": 4.41112959970953,
              "sem": 1.3949216589268931,
              "df": 9,
              "critical": 2.262,
              "moe": 3.1553127924926323,
              "p75": 221.5260419999995,
              "p99": 231.49433300000055,
              "p995": 231.49433300000055,
              "p999": 231.49433300000055,
              "sampleCount": 10,
              "median": 218.99008349999986
            }
          ]
        },
        {
          "fullName": "api/writeQuery.bench.ts > writeQuery – Single page writes",
          "benchmarks": [
            {
              "id": "-627102803_1_0",
              "name": "cachebay.writeQuery:single-page:cold(10 users)",
              "rank": 2,
              "rme": 0.7290344453393718,
              "samples": [],
              "totalTime": 3001.212156999991,
              "min": 0.944999999999709,
              "max": 3.772458999999799,
              "hz": 900.302897180357,
              "period": 1.1107372897853407,
              "mean": 1.1107372897853407,
              "variance": 0.04612028720944278,
              "sd": 0.214756343816528,
              "sem": 0.004131457877430678,
              "df": 2701,
              "critical": 1.96,
              "moe": 0.008097657439764129,
              "p75": 1.0535409999993135,
              "p99": 1.6920000000009168,
              "p995": 1.8057910000006814,
              "p999": 3.3355000000010477,
              "sampleCount": 2702,
              "median": 1.0251250000001164
            },
            {
              "id": "-627102803_1_1",
              "name": "cachebay.writeQuery:single-page:hot(10 users)",
              "rank": 1,
              "rme": 0.6504567248826724,
              "samples": [],
              "totalTime": 3000.4219319999647,
              "min": 0.8301660000033735,
              "max": 5.219334000001254,
              "hz": 1042.5200424778247,
              "period": 0.9592141726342598,
              "mean": 0.9592141726342598,
              "variance": 0.0316973234648439,
              "sd": 0.17803742152941865,
              "sem": 0.003183302597922056,
              "df": 3127,
              "critical": 1.96,
              "moe": 0.00623927309192723,
              "p75": 0.9130000000004657,
              "p99": 1.3990000000012515,
              "p995": 1.7296659999992698,
              "p999": 2.9788750000006985,
              "sampleCount": 3128,
              "median": 0.9041670000005979
            },
            {
              "id": "-627102803_1_2",
              "name": "apollo.writeQuery:single-page:cold(10 users)",
              "rank": 3,
              "rme": 0.5672147870046831,
              "samples": [],
              "totalTime": 3000.574793999851,
              "min": 1.7189160000016273,
              "max": 5.077666999997746,
              "hz": 505.9030699836224,
              "period": 1.976663237154052,
              "mean": 1.976663237154052,
              "variance": 0.04967296539687899,
              "sd": 0.22287432646421837,
              "sem": 0.005720370495113892,
              "df": 1517,
              "critical": 1.96,
              "moe": 0.011211926170423228,
              "p75": 2.1509579999983544,
              "p99": 2.403707999998005,
              "p995": 2.7042079999991984,
              "p999": 4.516958000000159,
              "sampleCount": 1518,
              "median": 1.8744375000005675
            },
            {
              "id": "-627102803_1_3",
              "name": "apollo.writeQuery:single-page:hot(10 users)",
              "rank": 4,
              "rme": 0.721372609445008,
              "samples": [],
              "totalTime": 3000.642522000111,
              "min": 1.874374999999418,
              "max": 6.373999999999796,
              "hz": 466.23347824434654,
              "period": 2.1448481215154476,
              "mean": 2.1448481215154476,
              "variance": 0.0871802194145223,
              "sd": 0.2952629665476561,
              "sem": 0.00789405452184093,
              "df": 1398,
              "critical": 1.96,
              "moe": 0.01547234686280822,
              "p75": 2.296875,
              "p99": 3.039375000000291,
              "p995": 4.269874999998137,
              "p999": 5.409874999997555,
              "sampleCount": 1399,