{
  "files": [
    {
      "filepath": "/Users/kochnev/Projects/Ferment/cachebay/packages/benchmarks/api/watchQuery.bench.ts",
      "groups": [
        {
          "fullName": "api/watchQuery.bench.ts > watchQuery – INITIAL subscription",
          "benchmarks": [
            {
              "id": "1461597341_0_0",
              "name": "cachebay.watchQuery:initial:cold(100 users (10 pages of 10))",
              "rank": 2,
              "rme": 1.713838821405548,
              "samples": [],
              "totalTime": 3003.3597130000003,
              "min": 5.484208000000081,
              "max": 20.42745799999966,
              "hz": 135.51490293963332,
              "period": 7.379262194103195,
              "mean": 7.379262194103195,
              "variance": 1.6945254739779543,
              "sd": 1.3017394032516472,
              "sem": 0.0645248266407364,
              "df": 406,
              "critical": 1.96,
              "moe": 0.12646866021584335,
              "p75": 7.632249999999658,
              "p99": 12.582957999999962,
              "p995": 13.09029099999998,
              "p999": 20.42745799999966,
              "sampleCount": 407,
              "median": 7.238374999999905
            },
            {
              "id": "1461597341_0_1",
              "name": "apollo.watch:initial:cold(newInstance+restore)(100 users (10 pages of 10))",
              "rank": 4,
              "rme": 0.7455718365409263,
              "samples": [],
              "totalTime": 3010.5310430000136,
              "min": 10.655875000000378,
              "max": 14.174457999999504,
              "hz": 83.70616226859443,
              "period": 11.946551757936563,
              "mean": 11.946551757936563,
              "variance": 0.5204182584599264,
              "sd": 0.7214002068615772,
              "sem": 0.04544394150253059,
              "df": 251,
              "critical": 1.96,
              "moe": 0.08907012534495995,
              "p75": 12.41662500000075,
              "p99": 13.919708999999784,
              "p995": 14.011708999999883,
              "p999": 14.174457999999504,
              "sampleCount": 252,
              "median": 11.867749999999887
            },
            {
              "id": "1461597341_0_2",
              "name": "cachebay.watchQuery:initial:hot(100 users (10 pages of 10))",
              "rank": 1,
              "rme": 6.157235048465778,
              "samples": [],
              "totalTime": 3001.3267840000117,
              "min": 0.7726249999996071,
              "max": 78.41204099999959,
              "hz": 718.6821546720291,
              "period": 1.391435690310622,
              "mean": 1.391435690310622,
              "variance": 4.121314391727803,
              "sd": 2.0301020643622336,
              "sem": 0.043711207143197636,
              "df": 2156,
              "critical": 1.96,
              "moe": 0.08567396600066736,
              "p75": 1.0952910000005431,
              "p99": 6.32629100000031,
              "p995": 6.8217500000000655,
              "p999": 8.969999999999345,
              "sampleCount": 2157,
              "median": 0.9555420000015147
            },
            {
              "id": "1461597341_0_3",
              "name": "apollo.watch:initial:hot(100 users (10 pages of 10))",
              "rank": 3,
              "rme": 5.4337361510330044,
              "samples": [],
              "totalTime": 3007.6392969999943,
              "min": 8.810707999999067,
              "max": 76.19333300000108,
              "hz": 95.42367673087381,
              "period": 10.47957943205573,
              "mean": 10.47957943205573,
              "variance": 24.224485076107502,
              "sd": 4.921837571081303,
              "sem": 0.2905268857529752,
              "df": 286,
              "critical": 1.96,
              "moe": 0.5694326960758314,
              "p75": 10.21245799999997,
              "p99": 23.411959000000934,
              "p995": 56.149874999999156,
              "p999": 76.19333300000108,
              "sampleCount": 287,
              "median": 9.822207999999591
            }
          ]
        },
        {
          "fullName": "api/watchQuery.bench.ts > watchQuery – REACTIVE updates",
          "benchmarks": [
            {
              "id": "1461597341_1_0",
              "name": "cachebay.watchQuery:reactive(100 users (10 pages of 10))",
              "rank": 1,
              "rme": 4.310753705370487,
              "samples": [],
              "totalTime": 3000.5041109999856,
              "min": 2.8350419999987935,
              "max": 58.85475000000042,
              "hz": 274.2872429278948,
              "period": 3.6458130145807846,
              "mean": 3.6458130145807846,
              "variance": 5.291549884810254,
              "sd": 2.30033690680523,
              "sem": 0.080184703886184,
              "df": 822,
              "critical": 1.96,
              "moe": 0.15716201961692064,
              "p75": 3.842124999999214,
              "p99": 6.15258299999914,
              "p995": 13.925833999999668,
              "p999": 58.85475000000042,
              "sampleCount": 823,
              "median": 3.5983329999999114
            },
            {
              "id": "1461597341_1_1",
              "name": "apollo.watch:reactive(100 users (10 pages of 10))",
              "rank": 2,
              "rme": 3.402176241841019,
              "samples": [],
              "totalTime": 3010.9885380000596,
              "min": 11.402666000001773,
              "max": 52.33062499999869,
              "hz": 80.04015855871559,
              "period": 12.493728373444231,
              "mean": 12.493728373444231,
              "variance": 11.334506979115735,
              "sd": 3.366675953981276,
              "sem": 0.21686666247013775,
              "df": 240,
              "critical": 1.96,
              "moe": 0.42505865844147,
              "p75": 12.307000000000698,
              "p99": 24.96600000000035,
              "p995": 41.521167000002606,
              "p999": 52.33062499999869,
              "sampleCount": 241,
              "median": 12.01537499999904
            }
          ]
        }
      ]
    }
  ]
}
