{
  "files": [
    {
      "filepath": "/Users/kochnev/Projects/Ferment/villus-cachebay/packages/villus-cachebay/test/perf/lifecycle.bench.ts",
      "groups": [
        {
          "fullName": "test/perf/lifecycle.bench.ts > Lifecycle",
          "benchmarks": [
            {
              "id": "-1958460566_0_0",
              "name": "normalize:cold(posts=1000, comments=5)",
              "rank": 6,
              "rme": 0.971731107748784,
              "samples": [],
              "totalTime": 3000.917453000006,
              "min": 4.676791999999978,
              "max": 10.40466699999979,
              "hz": 184.94344102839904,
              "period": 5.407058473873884,
              "mean": 5.407058473873884,
              "variance": 0.39883676467062135,
              "sd": 0.6315352442030622,
              "sem": 0.026807178165713874,
              "df": 554,
              "critical": 1.96,
              "moe": 0.052542069204799195,
              "p75": 5.848792000000003,
              "p99": 8.068291999999929,
              "p995": 9.387834000000112,
              "p999": 10.40466699999979,
              "sampleCount": 555,
              "median": 5.111916000000065
            },
            {
              "id": "-1958460566_0_1",
              "name": "normalize:hot(posts=1000, comments=5)",
              "rank": 5,
              "rme": 0.38966364765115746,
              "samples": [],
              "totalTime": 3001.4951640000045,
              "min": 4.316749999999956,
              "max": 7.262709000000541,
              "hz": 211.2280598030639,
              "period": 4.734219501577294,
              "mean": 4.734219501577294,
              "variance": 0.05616343718521634,
              "sd": 0.23698826381324528,
              "sem": 0.009412006325335984,
              "df": 633,
              "critical": 1.96,
              "moe": 0.01844753239765853,
              "p75": 4.866750000000138,
              "p99": 5.267832999999882,
              "p995": 5.563000000000102,
              "p999": 7.262709000000541,
              "sampleCount": 634,
              "median": 4.687958499999922
            },
            {
              "id": "-1958460566_0_2",
              "name": "materialize:canonical:cold(posts=1000, comments=5)",
              "rank": 4,
              "rme": 1.4209054867039181,
              "samples": [],
              "totalTime": 3000.3190100000393,
              "min": 0.4699590000000171,
              "max": 2.483083999999508,
              "hz": 1659.490202010197,
              "period": 0.6025946997389113,
              "mean": 0.6025946997389113,
              "variance": 0.09501911495110861,
              "sd": 0.30825170713413513,
              "sem": 0.004368520995498567,
              "df": 4978,
              "critical": 1.96,
              "moe": 0.008562301151177192,
              "p75": 0.5155839999997625,
              "p99": 1.7137500000008004,
              "p995": 1.9987079999991693,
              "p999": 2.221125000000029,
              "sampleCount": 4979,
              "median": 0.5090839999993477
            },
            {
              "id": "-1958460566_0_3",
              "name": "materialize:strict:cold(posts=1000, comments=5)",
              "rank": 3,
              "rme": 1.404021081885176,
              "samples": [],
              "totalTime": 3000.1780700000872,
              "min": 0.4418339999992895,
              "max": 2.532583000000159,
              "hz": 1733.2304545509357,
              "period": 0.5769573211538629,
              "mean": 0.5769573211538629,
              "variance": 0.08882308151730489,
              "sd": 0.2980320142489811,
              "sem": 0.004132960419632753,
              "df": 5199,
              "critical": 1.96,
              "moe": 0.008100602422480195,
              "p75": 0.4959579999995185,
              "p99": 1.6010839999999007,
              "p995": 1.8855839999996533,
              "p999": 2.224958000000697,
              "sampleCount": 5200,
              "median": 0.48243749999983265
            },
            {
              "id": "-1958460566_0_4",
              "name": "materialize:canonical:hot(posts=1000, comments=5)",
              "rank": 1,
              "rme": 0.23386697493614034,
              "samples": [],
              "totalTime": 3000.0327419998666,
              "min": 0.09725000000071304,
              "max": 0.5842919999995502,
              "hz": 9099.900683684344,
              "period": 0.10989130923076434,
              "mean": 0.10989130923076434,
              "variance": 0.0004693696407494543,
              "sd": 0.021664940358779073,
              "sem": 0.0001311221839876062,
              "df": 27299,
              "critical": 1.96,
              "moe": 0.00025699948061570814,
              "p75": 0.1069999999999709,
              "p99": 0.2538750000003347,
              "p995": 0.2600000000002183,
              "p999": 0.2740830000002461,
              "sampleCount": 27300,
              "median": 0.10608399999910034
            },
            {
              "id": "-1958460566_0_5",
              "name": "materialize:strict:hot(posts=1000, comments=5)",
              "rank": 2,
              "rme": 2.3826850994968503,
              "samples": [],
              "totalTime": 3000.102218000171,
              "min": 0.09712500000023283,
              "max": 25.261625000002823,
              "hz": 8674.371107710876,
              "period": 0.11528213256994202,
              "mean": 0.11528213256994202,
              "variance": 0.0511115685233328,
              "sd": 0.22607867772820328,
              "sem": 0.0014014337730235786,
              "df": 26023,
              "critical": 1.96,
              "moe": 0.002746810195126214,
              "p75": 0.10845800000242889,
              "p99": 0.25558400000227266,
              "p995": 0.2701249999990978,
              "p999": 0.47479200000088895,
              "sampleCount": 26024,
              "median": 0.10737499999959255
            }
          ]
        }
      ]
    },
    {
      "filepath": "/Users/kochnev/Projects/Ferment/villus-cachebay/packages/villus-cachebay/test/perf/core/utils.bench.ts",
      "groups": [
        {
          "fullName": "test/perf/core/utils.bench.ts > Utils",
          "benchmarks": [
            {
              "id": "-935290175_0_0",
              "name": "traverseFast",
              "rank": 1,
              "rme": 0,
              "samples": []
            }
          ]
        }
      ]
    }
  ]
}