{
  "files": [
    {
      "filepath": "/Users/kochnev/Projects/Ferment/villus-cachebay/packages/villus-cachebay/test/perf/lifecycle.bench.ts",
      "groups": [
        {
          "fullName": "test/perf/lifecycle.bench.ts > Lifecycle",
          "benchmarks": [
            {
              "id": "-1958460566_0_0",
              "name": "normalize:cold(posts=1000, comments=5)",
              "rank": 2,
              "rme": 1.0046331742520627,
              "samples": [],
              "totalTime": 3003.6832390000004,
              "min": 4.887332999999671,
              "max": 10.663250000000062,
              "hz": 180.44512582506704,
              "period": 5.541850994464945,
              "mean": 5.541850994464945,
              "variance": 0.4373326110166792,
              "sd": 0.6613112814829936,
              "sem": 0.028405751815312595,
              "df": 541,
              "critical": 1.96,
              "moe": 0.05567527355801268,
              "p75": 5.957417000000078,
              "p99": 8.208499999999958,
              "p995": 9.603749999999764,
              "p999": 10.663250000000062,
              "sampleCount": 542,
              "median": 5.216646000000026
            },
            {
              "id": "-1958460566_0_1",
              "name": "normalize:hot(posts=1000, comments=5)",
              "rank": 1,
              "rme": 0.33572321338546013,
              "samples": [],
              "totalTime": 3004.3847859999782,
              "min": 4.449666999999863,
              "max": 7.335125000000517,
              "hz": 209.69351294005804,
              "period": 4.768864739682505,
              "mean": 4.768864739682505,
              "variance": 0.04203597824797988,
              "sd": 0.2050267744661167,
              "sem": 0.008168462217381768,
              "df": 629,
              "critical": 1.96,
              "moe": 0.016010185946068265,
              "p75": 4.940792000000329,
              "p99": 5.232708999999886,
              "p995": 5.321416999999201,
              "p999": 7.335125000000517,
              "sampleCount": 630,
              "median": 4.690624500000467
            }
          ]
        }
      ]
    },
    {
      "filepath": "/Users/kochnev/Projects/Ferment/villus-cachebay/packages/villus-cachebay/test/perf/core/utils.bench.ts",
      "groups": [
        {
          "fullName": "test/perf/core/utils.bench.ts > Utils",
          "benchmarks": [
            {
              "id": "-935290175_0_0",
              "name": "traverseFast",
              "rank": 1,
              "rme": 0,
              "samples": []
            }
          ]
        }
      ]
    }
  ]
}